example,N,lambda,m,x,error,log10_error
6.2,40,5,1,-1.0,0.64754707922638679,-0.188728651177285693
6.2,40,5,1,-0.999999992676485618,0.644368020049650111,-0.190866021729869395
6.2,40,5,1,-0.99999953345903202,0.634850812369288179,-0.197328320341185871
6.2,40,5,1,-0.999994726652185799,0.619057457188130238,-0.208269040508629375
6.2,40,5,1,-0.99997068940438076,0.597098219672239129,-0.223954223723052167
6.2,40,5,1,-0.999889733307194123,0.569141863420865158,-0.244779468540326875
6.2,40,5,1,-0.999676300881931877,0.535429598979284796,-0.271297624336873873
6.2,40,5,1,-0.999200023196641102,0.496292238774277725,-0.304262516428426633
6.2,40,5,1,-0.998258497187473712,0.452169744024570249,-0.344698500908796192
6.2,40,5,1,-0.996561508065195625,0.403631972382330389,-0.394014439860150602
6.2,40,5,1,-0.993718433538229084,0.351399040629882849,-0.454199428525745853
6.2,40,5,1,-0.989230459427502989,0.29635939048343814,-0.528181307093675214
6.2,40,5,1,-0.982489014646351744,0.239583481932874828,-0.620543127654570161
6.2,40,5,1,-0.972781508465211609,0.182331095429878335,-0.739139258816319656
6.2,40,5,1,-0.959305041828306433,0.126050469774203064,-0.899455531423759386
6.2,40,5,1,-0.94118829000527156,0.07236778033707306,-1.1404547478402226
6.2,40,5,1,-0.91752124296868428,0.0230655066973805304,-1.63703700047651334
6.2,40,5,1,-0.887391972164912793,0.0199522352682859131,-1.70000844281922496
6.2,40,5,1,-0.849929098352177355,0.0547104549617687981,-1.26192967369695745
6.2,40,5,1,-0.804348194727037195,0.0792347870316197447,-1.10108410504003926
6.2,40,5,1,-0.75,0.0916496974733130429,-1.03786896426300423
6.2,40,5,1,-0.6864180607193161,0.0903091692525963143,-1.04426815274694616
6.2,40,5,1,-0.613363288869187824,0.0739623608663097588,-1.13098923468367603
6.2,40,5,1,-0.530862920976363103,0.0419490266400280741,-1.37727811182619872
6.2,40,5,1,-0.439241502812526288,0.00559291011180796681,-2.25236216051432139
6.2,40,5,1,-0.339141795884639083,0.067540596090861182,-1.17043511074488725
6.2,40,5,1,-0.231533897391048414,0.14166726690073629,-0.848730484590818788
6.2,40,5,1,-0.117711366339448484,0.224644182035734411,-0.64850482453365451
6.2,40,5,1,7.262688651411763e-4,0.312208189152571131,-0.505555709674851974
6.2,40,5,1,0.121904610647329838,0.399512827042468455,-0.398469272359167309
6.2,40,5,1,0.243718433538229084,0.481638286841975668,-0.317278997034104129
6.2,40,5,1,0.363887356845368776,0.554187673722165301,-0.256343138052125334
6.2,40,5,1,0.48002124296868428,0.613859990943379139,-0.211930671357845151
6.2,40,5,1,0.589692898001301195,0.658879726332588667,-0.181193855447369993
6.2,40,5,1,0.690515240101286724,0.689186392767857162,-0.161663305809284784
6.2,40,5,1,0.780219819197104766,0.706339573706123089,-0.150986461084617211
6.2,40,5,1,0.856733435185591328,0.713159240242259327,-0.146813486365614035
6.2,40,5,1,0.918249619793461696,0.713176534855193922,-0.146802954546815614
6.2,40,5,1,0.963291920680397199,0.710001286234672311,-0.148740864514566074
6.2,40,5,1,0.990766248122838913,0.70671496424278693,-0.150755712676698416
6.2,40,5,1,1.0,0.705378428628501302,-0.151577825744309167
6.2,80,10,2,-1.0,0.364489131799493868,-0.43831541678325464
6.2,80,10,2,-0.999999999885437654,0.363598166023087273,-0.439378316011296388
6.2,80,10,2,-0.999999992676485618,0.360934368051570178,-0.442571762594107021
6.2,80,10,2,-0.999999916741269935,0.356524939570868643,-0.447910085057074383
6.2,80,10,2,-0.99999953345903202,0.350414895971095058,-0.455417440459022222
6.2,80,10,2,-0.99999822645520509,0.342666587111722156,-0.465128240888063349
6.2,80,10,2,-0.999994726652185799,0.333359030231246043,-0.477087775947200191
6.2,80,10,2,-0.999986769138318608,0.322587058953517003,-0.491353058948941478
6.2,80,10,2,-0.99997068940438076,0.310460293633793195,-0.507993936094233161
6.2,80,10,2,-0.999940967920876958,0.297101939696491815,-0.527094512798378833
6.2,80,10,2,-0.999889733307194123,0.28264742216303658,-0.548754971093562591
6.2,80,10,2,-0.999806235453761988,0.267242866263760971,-0.573093878948498652
6.2,80,10,2,-0.999676300881931877,0.251043435872540046,-0.600251129802894783
6.2,80,10,2,-0.999481783347208259,0.234211543481222961,-0.630391703855237077
6.2,80,10,2,-0.999200023196641102,0.216914947508754586,-0.663710519922653706
6.2,80,10,2,-0.998803329270719479,0.199324754862005482,-0.700438761347956708
6.2,80,10,2,-0.998258497187473712,0.181613348755848178,-0.740852233579544462
6.2,80,10,2,-0.997526377658644585,0.163952263764887907,-0.785282582448036068
6.2,80,10,2,-0.996561508065195625,0.146510031812217645,-0.834132637347219952
6.2,80,10,2,-0.995311819866148711,0.129450024192339745,-0.887897864065735865
6.2,80,10,2,-0.993718433538229084,0.112928315675926154,-0.947197149306583623
6.2,80,10,2,-0.991715551655028179,0.097091597177078861,-1.01281835461864189
6.2,80,10,2,-0.989230459427502989,0.0820751633421846324,-1.08578824428502061
6.2,80,10,2,-0.986183640559866311,0.0680010007603462835,-1.16748469580114706
6.2,80,10,2,-0.982489014646351744,0.0549760013815812631,-1.25982685127077872
6.2,80,10,2,-0.978054300567583847,0.0430903243157604291,-1.36562023721784935
6.2,80,10,2,-0.972781508465211609,0.0324159276991948347,-1.48924154497343334
6.2,80,10,2,-0.966567560906830904,0.0230052910441302887,-1.63817226802577821
6.2,80,10,2,-0.959305041828306433,0.0148903477555800863,-1.8270951594294304
6.2,80,10,2,-0.950883069786804747,0.00808164764262043803,-2.09250008858794086
6.2,80,10,2,-0.94118829000527156,0.00256777056318721532,-2.59044378418312554
6.2,80,10,2,-0.930105977668111448,0.00168498497040062472,-2.77340396856189156
6.2,80,10,2,-0.91752124296868428,0.00473261027151651808,-2.32489925802909964
6.2,80,10,2,-0.90332032654156135,0.00665305866593653869,-2.1769786469762893
6.2,80,10,2,-0.887391972164912793,0.00754554167320916993,-2.12230957799021743
6.2,80,10,2,-0.869628862018127646,0.00752940291015500956,-2.12323946245886153
6.2,80,10,2,-0.849929098352177355,0.00674251764214151315,-2.17117790851990852
6.2,80,10,2,-0.828197714198508206,0.00533916214622092772,-2.2725268897546195
6.2,80,10,2,-0.804348194727037195,0.00348729685987432132,-2.45751108126820526
6.2,80,10,2,-0.778303990082934959,0.00136521236326553319,-2.86479978743581942
6.2,80,10,2,-0.75,8.4250069526093763e-4,-3.07442973206153284
6.2,80,10,2,-0.719384010216911023,0.00294967599719680111,-2.53022568583792277
6.2,80,10,2,-0.6864180607193161,0.00477397815412055091,-2.32111957267040474
6.2,80,10,2,-0.651079726099749245,0.00614293865954301367,-2.21162382131644391
6.2,80,10,2,-0.613363288869187824,0.00690051758982016679,-2.1611183327450264
6.2,80,10,2,-0.573280787365337421,0.00691402814768294646,-2.16026885673481844
6.2,80,10,2,-0.530862920976363103,0.00608119611319134289,-2.21601099074890241
6.2,80,10,2,-0.486159796724007817,0.004337059805232603,-2.3628045891716366
6.2,80,10,2,-0.439241502812526288,0.0016603539796309178,-2.77979931255521923
6.2,80,10,2,-0.390198496531911756,0.00192102989160642948,-2.71646587737738618
6.2,80,10,2,-0.339141795884639083,0.00632594665641616019,-2.19887447459572806
6.2,80,10,2,-0.286202966460832995,0.0114177091464214102,-1.94242102436253714
6.2,80,10,2,-0.231533897391048414,0.0170040260479590317,-1.76944823842167508
6.2,80,10,2,-0.175306362630130745,0.0228395175544507439,-1.6413130740537183
6.2,80,10,2,-0.117711366339448484,0.0286310541218005136,-1.54316266207782095
6.2,80,10,2,-0.0589582737062334818,0.0340460190383332487,-1.4679336623344649
6.2,80,10,2,7.262688651411763e-4,0.038723418897734043,-1.412026305731641
6.2,80,10,2,0.0610996176679372521,0.0422875683342786957,-1.37378728740848718
6.2,80,10,2,0.121904610647329838,0.044363871506878628,-1.35297056124452822
6.2,80,10,2,0.18287122985914447,0.0445960306567634626,-1.35070379466408694
6.2,80,10,2,0.243718433538229084,0.0426638505999083167,-1.36993995013309789
6.2,80,10,2,0.30415614166203242,0.0383006951902652726,-1.41679334314479668
6.2,80,10,2,0.363887356845368776,0.0313096021821732258,-1.50432245046627124
6.2,80,10,2,0.422610400550573643,0.0215770856406467664,-1.66600721468824444
6.2,80,10,2,0.48002124296868428,0.00908375219733803709,-2.04173472174386927
6.2,80,10,2,0.535815903544536807,0.00608897656497617319,-2.21545569743851684
6.2,80,10,2,0.589692898001301195,0.0237565214371246633,-1.62421715086510344
6.2,80,10,2,0.641355706884169907,0.0436334095955568313,-1.36018084911083408
6.2,80,10,2,0.690515240101286724,0.0653400990935102964,-1.18482021121760497
6.2,80,10,2,0.73689227170139973,0.0884140537430004918,-1.05347869677510101
6.2,80,10,2,0.780219819197104766,0.112324525471022585,-0.949525407462305886
6.2,80,10,2,0.820245442120900162,0.136490316786944573,-0.864898158258147931
6.2,80,10,2,0.856733435185591328,0.16029967103015816,-0.795067368911816644
6.2,80,10,2,0.889466892403887774,0.183131376580463121,-0.737237240032902597
6.2,80,10,2,0.918249619793461696,0.20437617028951432,-0.689569743151244161
6.2,80,10,2,0.942907875838670157,0.223457576297930446,-0.650804916060214218
6.2,80,10,2,0.963291920680397199,0.239851406401097065,-0.62005773064630143
6.2,80,10,2,0.979277357039527386,0.253103262651511279,-0.5967022564916272
6.2,80,10,2,0.990766248122838913,0.26284350774171532,-0.580302745625846764
6.2,80,10,2,0.997688000185283636,0.268799291974323084,-0.570571879561848903
6.2,80,10,2,1.0,0.270803338997474959,-0.567345985115259133
6.2,160,20,5,-1.0,0.135970808865555606,-0.866554318904512881
6.2,160,20,5,-0.999999999998209446,0.135809238705822356,-0.867070685265514822
6.2,160,20,5,-0.999999999885437654,0.13532549486313411,-0.868620376090324424
6.2,160,20,5,-0.999999998695692017,0.134522469260636849,-0.871205169483876315
6.2,160,20,5,-0.999999992676485618,0.133404955224560971,-0.874828038585022781
6.2,160,20,5,-0.999999972087236216,0.131979607929604864,-0.879493166125904392
6.2,160,20,5,-0.999999916741269935,0.130254889547580666,-0.885205965044357856
6.2,160,20,5,-0.999999790315556932,0.128240999618165718,-0.891973105384406013
6.2,160,20,5,-0.99999953345903202,0.125949791299966051,-0.899802547795468877
6.2,160,20,5,-0.999999055736953854,0.123394674292927617,-0.908703584023246412
6.2,160,20,5,-0.99999822645520509,0.120590505348112411,-0.918686884876201663
6.2,160,20,5,-0.999996864414706614,0.117553467396755721,-0.929764556253473846
6.2,160,20,5,-0.999994726652185799,0.114300938436195094,-0.941950203935531266
6.2,160,20,5,-0.999991496229377061,0.110851351404672879,-0.955259007971101519
6.2,160,20,5,-0.999986769138318608,0.107224046359237448,-0.969707807646712868
6.2,160,20,5,-0.999980040395719191,0.103439116340201509,-0.98531519820319978
6.2,160,20,5,-0.99997068940438076,0.0995172483611873704,-1.00210164067248339
6.2,160,20,5,-0.999957964664356308,0.0954795610051632771,-1.02008958645490877
6.2,160,20,5,-0.999940967920876958,0.0913474401336576752,-1.03930361855122499
6.2,160,20,5,-0.99991863784008014,0.0871423742282794517,-1.05977061171500141
6.2,160,20,5,-0.999889733307194123,0.0828857908806678775,-1.08151991421487761
6.2,160,20,5,-0.999852816445067608,0.0785988959290883903,-1.10458355440934801
6.2,160,20,5,-0.999806235453761988,0.0743025167072668444,-1.12899647596260195
6.2,160,20,5,-0.999748107374335545,0.070016950824045166,-1.15479680629771944
6.2,160,20,5,-0.999676300881931877,0.0657618218315138068,-1.18202616383154544
6.2,160,20,5,-0.999588419214829544,0.0615559430650325799,-1.21073001071399893
6.2,160,20,5,-0.999481783347208259,0.0574171908517200222,-1.24095805926968829
6.2,160,20,5,-0.999353415514032456,0.0533623881854205517,-1.27276474219981648
6.2,160,20,5,-0.999200023196641102,0.049407199856807853,-1.3062097589662192
6.2,160,20,5,-0.999017983677360107,0.0455660399082136892,-1.3413587138082331
6.2,160,20,5,-0.998803329270719479,0.0418519921551375256,-1.3782838647581367
6.2,160,20,5,-0.998551733337661766,0.0382767443814295693,-1.41706500812894389
6.2,160,20,5,-0.998258497187473712,0.0348505366741546023,-1.45779052967990805
6.2,160,20,5,-0.997918537970063242,0.0315821242185024951,-1.5005586626320841
6.2,160,20,5,-0.997526377658644585,0.0284787547242278779,-1.54547900479010074
6.2,160,20,5,-0.997076133219892947,0.0255461605044270165,-1.5926743635152508
6.2,160,20,5,-0.996561508065195625,0.0227885650764702153,-1.64228302010221939
6.2,160,20,5,-0.995975784872769595,0.0202087040050919666,-1.69446153712717359
6.2,160,20,5,-0.995311819866148711,0.0178078595604890367,-1.74938827800628713
6.2,160,20,5,-0.994562038629880538,0.0155859086212692366,-1.80726787431747445
6.2,160,20,5,-0.993718433538229084,0.0135413831146899709,-1.86833697461689982
6.2,160,20,5,-0.992772562867272058,0.0116715421562524507,-1.93287175700503044
6.2,160,20,5,-0.991715551655028179,0.00997245492875777456,-2.00119791783948402
6.2,160,20,5,-0.99053809436817113,0.00843909322871346631,-2.07370421533196703
6.2,160,20,5,-0.989230459427502989,0.00706543250676672975,-2.15086124789143968
6.2,160,20,5,-0.987782495637693566,0.00584456013982081444,-2.23324816816969307
6.2,160,20,5,-0.986183640559866311,0.00476878959676397616,-2.32159183860202439
6.2,160,20,5,-0.984422930858450829,0.00382977909830978027,-2.41682627541828537
6.2,160,20,5,-0.982489014646351744,0.00301865332520830528,-2.52018676031049856
6.2,160,20,5,-0.980370165844930133,0.00232612669881713779,-2.63336663393319927
6.2,160,20,5,-0.978054300567583847,0.00174262674436696909,-2.75879562506501737
6.2,160,20,5,-0.975528995527874671,0.00125841605072778661,-2.90017575105065229
6.2,160,20,5,-0.972781508465211609,8.63711361437011994e-4,-3.06363136756568284
6.2,160,20,5,-0.969798800573089612,5.48798370389419982e-4,-3.2605871869003086
6.2,160,20,5,-0.966567560906830904,3.04140851939310361e-4,-3.51692524187416981
6.2,160,20,5,-0.963074232739711324,1.20482829077768574e-4,-3.91907484328116888
6.2,160,20,5,-0.959305041828306433,1.10574255169698511e-5,-4.95634597736445724
6.2,160,20,5,-0.955246026539891413,9.89026529357071772e-5,-4.0047920588589804
6.2,160,20,5,-0.950883069786804747,1.50942109610975628e-4,-3.82118958447577773
6.2,160,20,5,-0.946201932704867929,1.74468141849157281e-4,-3.75828386430513752
6.2,160,20,5,-0.94118829000527156,1.76124515565665891e-4,-3.75418018841742029
6.2,160,20,5,-0.935827766921821041,1.61867018418368619e-4,-3.79084163289016407
6.2,160,20,5,-0.930105977668111448,1.36936675638923997e-4,-3.86348021954738948
6.2,160,20,5,-0.92400856531209911,1.05845735938979672e-4,-3.97532663311431652
6.2,160,20,5,-0.91752124296868428,7.23763919517241562e-5,-4.14040307077898384
6.2,160,20,5,-0.910629836204341874,3.9592002999355104e-5,-4.40239252629623031
6.2,160,20,5,-0.90332032654156135,9.86038899026722912e-6,-5.00610595189506905
6.2,160,20,5,-0.895578895944907262,1.51114344346943052e-5,-4.82069430882416109
6.2,160,20,5,-0.887391972164912793,3.42319049860273256e-5,-4.46556893194891045
6.2,160,20,5,-0.87874627481079235,4.69699621048924247e-5,-4.3281797902030136
6.2,160,20,5,-0.869628862018127646,5.32916902359406007e-5,-4.27334050515783063
6.2,160,20,5,-0.860027177573264863,5.35899209443064473e-5,-4.27091688362585628
6.2,160,20,5,-0.849929098352177355,4.86083108266047613e-5,-4.31328947070556318
6.2,160,20,5,-0.839322981928016458,3.93615466316701177e-5,-4.40492784518979972
6.2,160,20,5,-0.828197714198508206,2.70534418002873034e-5,-4.56777747511247637
6.2,160,20,5,-0.816542756881770585,1.29947767077593451e-5,-4.88623117868094718
6.2,160,20,5,-0.804348194727037195,1.4772046481370117e-6,-5.83055933447822149
6.2,160,20,5,-0.791604782285189924,1.50756986142701577e-5,-4.82172255333093166
6.2,160,20,5,-0.778303990082934959,2.66357061583103302e-5,-4.57453578483401637
6.2,160,20,5,-0.764438050043910819,3.51779544341637077e-5,-4.45372941797076201
6.2,160,20,5,-0.75,3.99635463596483397e-5,-4.39833597950293452
6.2,160,20,5,-0.734983727136631382,4.05376202399865328e-5,-4.39214175014172233
6.2,160,20,5,-0.719384010216911023,3.6760450934687274e-5,-4.4346191698309422
6.2,160,20,5,-0.703196560431004797,2.88246116303391363e-5,-4.54023653547947035
6.2,160,20,5,-0.6864180607193161,1.72570401890744904e-5,-4.7630336894887246
6.2,160,20,5,-0.669046203420652252,2.90511476497402019e-6,-5.53683670636816567
6.2,160,20,5,-0.651079726099749245,1.30938624303305955e-5,-4.88293222627198428
6.2,160,20,5,-0.632518445412219007,2.93600498883925546e-5,-4.53224321080517723
6.2,160,20,5,-0.613363288869187824,4.43352461718265668e-5,-4.35325087576879144
6.2,160,20,5,-0.593616324368598238,5.63634182259537762e-5,-4.24900267646307895
6.2,160,20,5,-0.573280787365337421,6.37867459665360372e-5,-4.19526955249483837
6.2,160,20,5,-0.552361105558018625,6.50559549516184129e-5,-4.18671294377173932
6.2,160,20,5,-0.530862920976363103,5.88533124288143758e-5,-4.2302290888261257
6.2,160,20,5,-0.508793109359690574,4.42262727628155467e-5,-4.35431965992386296
6.2,160,20,5,-0.486159796724007817,2.07293849855013831e-5,-4.68341358268014884
6.2,160,20,5,-0.462972373022567054,1.14282728166678132e-5,-4.94201940065198484
6.2,160,20,5,-0.439241502812526288,5.1233180915298055e-5,-4.29044867923833228
6.2,160,20,5,-0.414979132848459585,9.67183050107863476e-5,-4.01449132309551272
6.2,160,20,5,-0.390198496531911756,1.44818396680729549e-4,-3.83917626500741001
6.2,160,20,5,-0.364914115154943111,1.91233354692481593e-4,-3.71843635633019838
6.2,160,20,5,-0.339141795884639083,2.30303418375800189e-4,-3.63769961578857272
6.2,160,20,5,-0.312898626444838377,2.54899971002965609e-4,-3.59363021393541174
6.2,160,20,5,-0.286202966460832995,2.5633565536711754e-4,-3.59119098081462261
6.2,160,20,5,-0.259074435442484077,2.24297341563232018e-4,-3.64917587376995599
6.2,160,20,5,-0.231533897391048414,1.46805236322806357e-4,-3.83325845351025615
6.2,160,20,5,-0.203603442024990344,1.0201084201918294e-5,-4.99135366766091243
6.2,160,20,5,-0.175306362630130745,2.00832014175415976e-4,-3.69716705611119201
6.2,160,20,5,-0.146667130549626599,5.03216148007020268e-4,-3.29824543100114323
6.2,160,20,5,-0.117711366339448484,9.1539006799939139e-4,-3.03839380398700069
6.2,160,20,5,-0.0884658076251963939,0.00145718479043937772,-2.83648537041304981
6.2,160,20,5,-0.0589582737062334818,0.00214966323765213278,-2.66762957054241279
6.2,160,20,5,-0.0292176269631895995,0.00301492455466348694,-2.52072355115344536
6.2,160,20,5,7.262688651411763e-4,0.00407587450017058942,-2.38977919677613524
6.2,160,20,5,0.0308425934596451388,0.005355964073262113,-2.2711623448109523
6.2,160,20,5,0.0610996176679372521,0.00687889928725856052,-2.16248104893214756
6.2,160,20,5,0.0914647541255973648,0.00866832571956740591,-2.06206477806829787
6.2,160,20,5,0.121904610647329838,0.0107474921325892123,-1.96869286412436255
6.2,160,20,5,0.152385046274792897,0.0131388980570991127,-1.88144105698241033
6.2,160,20,5,0.18287122985914447,0.0158639307389995317,-1.79958919490310532
6.2,160,20,5,0.213327701047970601,0.0189424972575258485,-1.72256276695521206
6.2,160,20,5,0.243718433538229084,0.0223926579148651072,-1.64989435442229942
6.2,160,20,5,0.274006900449181995,0.0262302671635377882,-1.58119728596094892
6.2,160,20,5,0.30415614166203242,0.0304686283718659289,-1.5161470962839875
6.2,160,20,5,0.334128832966147828,0.0351181686260433731,-1.45446814015607641
6.2,160,20,5,0.363887356845368776,0.0401861395301292498,-1.3959237121779568
6.2,160,20,5,0.393393874731989148,0.0456763495969198115,-1.34030861170753372
6.2,160,20,5,0.422610400550573643,0.0515889333310836816,-1.28744345164236288
6.2,160,20,5,0.451498875368868932,0.0579201615026825028,-1.23717023583670309
6.2,160,20,5,0.48002124296868428,0.0646622964089598805,-1.18934887596897326
6.2,160,20,5,0.508139526145781498,0.0718034951425312366,-1.14385441530964058
6.2,160,20,5,0.535815903544536807,0.0793277630444978047,-1.10057479216697151
6.2,160,20,5,0.563012786830431172,0.0872149586427367194,-1.05940902081460261
6.2,160,20,5,0.589692898001301195,0.0954408504807302744,-1.0202656992890722
6.2,160,20,5,0.615819346636748667,0.103977225352956181,-0.983061775957817327
6.2,160,20,5,0.641355706884169907,0.112792046600628287,-0.947721523040958196
6.2,160,20,5,0.666266093979531212,0.121849660306716138,-0.914175677206580309
6.2,160,20,5,0.690515240101286724,0.13111104648000867,-0.882360716218320345
6.2,160,20,5,0.714068569356711035,0.140534111650358335,-0.852218247264794349
6.2,160,20,5,0.73689227170139973,0.150074018724041662,-0.823694487646432605
6.2,160,20,5,0.758953375594773914,0.159683549479020584,-0.796739822361691957
6.2,160,20,5,0.780219819197104766,0.169313494720928867,-0.771308426124542139
6.2,160,20,5,0.800660519916844292,0.17891306687443608,-0.747357939677306682
6.2,160,20,5,0.820245442120900162,0.188430329650371506,-0.724849192096972047
6.2,160,20,5,0.838945662824915004,0.197812639402442315,-0.703745962246613413
6.2,160,20,5,0.856733435185591328,0.207007092861384219,-0.684014773684210567
6.2,160,20,5,0.873582249622628118,0.2159609760991788,-0.665624718274655374
6.2,160,20,5,0.889466892403887774,0.224622209819689924,-0.648547304507068528
6.2,160,20,5,0.904363501533974897,0.232939786381266762,-0.632756327136774529
6.2,160,20,5,0.918249619793461696,0.240864194317081756,-0.618227755278799398
6.2,160,20,5,0.931104244783517589,0.248347826515339723,-0.604939636500346297
6.2,160,20,5,0.942907875838670157,0.255345368639270169,-0.592872014811179899
6.2,160,20,5,0.953642557678816954,0.261814164791933156,-0.582006860747218503
6.2,160,20,5,0.963291920680397199,0.267714557850420393,-0.572328011994978251
6.2,160,20,5,0.971841217655792397,0.273010202296680654,-0.563821123221656546
6.2,160,20,5,0.979277357039527386,0.277668347748515472,-0.556473623964637784
6.2,160,20,5,0.985588932389659053,0.281660091737011461,-0.550274683600725299
6.2,160,20,5,0.990766248122838913,0.2849606005808531,-0.545215182564030806
6.2,160,20,5,0.994801341411886739,0.287549297471031831,-0.541287689115906524
6.2,160,20,5,0.997688000185283636,0.289410017101228227,-0.53848644109362484
6.2,160,20,5,0.999421777178751647,0.290531126361628972,-0.536807332179198541
6.2,160,20,5,1.0,0.290905610761230027,-0.536247902337875427
6.2,320,40,10,-1.0,0.00691686007667180926,-2.16009100971151207
6.2,320,40,10,-0.999999999999972021,0.00691287363410968037,-2.16034138185768832
6.2,320,40,10,-0.999999999998209446,0.00690092697682229424,-2.16109256812086978
6.2,320,40,10,-0.999999999979606924,0.00688105805444095081,-2.16234477806161559
6.2,320,40,10,-0.999999999885437654,0.00685332991151551527,-2.16409836123644875
6.2,320,40,10,-0.999999999563074097,0.00681783038159995936,-2.16635380763213407
6.2,320,40,10,-0.999999998695692017,0.00677467166164003435,-2.16911174827545508
6.2,320,40,10,-0.999999996712052755,0.00672398976930757375,-2.17237295602028925
6.2,320,40,10,-0.999999992676485618,0.00666594388664825589,-2.17613834651431179
6.2,320,40,10,-0.999999985159219085,0.00660071559410743264,-2.18040897934820234
6.2,320,40,10,-0.999999972087236216,0.00652850799966680384,-2.18518605939078791
6.2,320,40,10,-0.999999950575856161,0.00644954476845848189,-2.19047093831413477
6.2,320,40,10,-0.999999916741269935,0.00636406905881782,-2.19626511631320293
6.2,320,40,10,-0.999999865494284749,0.00627234237128806045,-2.20257024402530392
6.2,320,40,10,-0.999999790315556932,0.00617464331759453293,-2.20938812465526046
6.2,320,40,10,-0.999999683012619046,0.00607126631706031499,-2.21672071631285709
6.2,320,40,10,-0.99999953345903202,0.00596252022833588104,-2.22457013456990108
6.2,320,40,10,-0.999999329316017956,0.0058487269246596664,-2.23293865524498568
6.2,320,40,10,-0.999999055736953854,0.00573021982115246386,-2.24182871742486912
6.2,320,40,10,-0.999998695055130569,0.0056073423628744204,-2.25124292673225843
6.2,320,40,10,-0.99999822645520509,0.00548044648253786161,-2.26118405885072287
6.2,320,40,10,-0.99999762562879747,0.00534989103687147208,-2.27165506331846504
6.2,320,40,10,-0.999996864414706614,0.00521604023067122762,-2.28265906760375552
6.2,320,40,10,-0.999995910424241443,0.00507926203755111964,-2.29419938147599748
6.2,320,40,10,-0.999994726652185799,0.00493992662632283171,-2.30627950168764139
6.2,320,40,10,-0.9999932710739368,0.0047984048017892936,-2.31890311698352482
6.2,320,40,10,-0.999991496229377061,0.00465506646853408511,-2.33207411345568248
6.2,320,40,10,-0.999989348794061451,0.00451027912602906944,-2.34579658026326693
6.2,320,40,10,-0.999986769138318608,0.00436440640306891152,-2.36007481573895745
6.2,320,40,10,-0.999983690874886439,0.0042178066391761866,-2.37491333390512731
6.2,320,40,10,-0.999980040395719191,0.00407083152020789155,-2.39031687142510719
6.2,320,40,10,-0.999975736398621361,0.00392382477493696112,-2.40629039501714387
6.2,320,40,10,-0.99997068940438076,0.00377712093888480177,-2.42283910936113137
6.2,320,40,10,-0.999964801265089376,0.00363104419114709903,-2.43996846553091189
6.2,320,40,10,-0.999957964664356308,0.00348590726938968333,-2.45768416998793434
6.2,320,40,10,-0.999950062610131977,0.003342010467598703,-2.47599219417535155
6.2,320,40,10,-0.999940967920876958,0.0031996407205545621,-2.49489878475527033
6.2,320,40,10,-0.999930542705822213,0.00305907077836696057,-2.51441047453588263
6.2,320,40,10,-0.99991863784008014,0.00292055847376392496,-2.53453409413964865
6.2,320,40,10,-0.999905092435377725,0.00278434608417597357,-2.55527678446862844
6.2,320,40,10,-0.999889733307194123,0.00265065979000254144,-2.57664601002852832
6.2,320,40,10,-0.99987237443909528,0.00251970922979647002,-2.59864957317911398
6.2,320,40,10,-0.999852816445067608,0.00239168715245861904,-2.62129562938542363
6.2,320,40,10,-0.999830846030661346,0.00226676916590322964,-2.64459270355178677
6.2,320,40,10,-0.999806235453761988,0.00214511358104013065,-2.66854970752912309
6.2,320,40,10,-0.999778741985815055,0.00202686134932659943,-2.69317595889548764
6.2,320,40,10,-0.999748107374335545,0.00191213609157378987,-2.71848120112048556
6.2,320,40,10,-0.999714057307538557,0.00180104421515397335,-2.74447562523616999
6.2,320,40,10,-0.999676300881931877,0.00169367511624895413,-2.77116989315055463
6.2,320,40,10,-0.999634530073714747,0.00159010146331013985,-2.79857516275514486
6.2,320,40,10,-0.999588419214829544,0.00149037955746974332,-2.82670311499518311
6.2,320,40,10,-0.999537624474514741,0.00139454976525296616,-2.85556598309092708
6.2,320,40,10,-0.999481783347208259,0.00130263701859488583,-2.88517658412059953
6.2,320,40,10,-0.999420514147650141,0.00121465137686485692,-2.91554835320109625
6.2,320,40,10,-0.999353415514032456,0.00113058864534686024,-2.94669538053162725
6.2,320,40,10,-0.999280065920042321,0.00105043104441729697,-2.97863245159879942
6.2,320,40,10,-0.999200023196641102,9.74147923502723669e-4,-3.01137509087995032
6.2,320,40,10,-0.999112824064419068,9.01696513789046752e-4,-3.04493960942567385
6.2,320,40,10,-0.999017983677360107,8.33022713590427254e-4,-3.07934315675347408
6.2,320,40,10,-0.99891499517884552,7.68061900269884398e-4,-3.1146037775435871
6.2,320,40,10,-0.998803329270719479,7.06739762633245845e-4,-3.15074047369672585
6.2,320,40,10,-0.998682433796231338,6.48973147792229688e-4,-3.18777327239365156
6.2,320,40,10,-0.998551733337661766,5.94670916609271696e-4,-3.22572330089027626
6.2,320,40,10,-0.998410628829430522,5.43734801994125245e-4,-3.2646128688921678
6.2,320,40,10,-0.998258497187473712,4.96060264517860626e-4,-3.3044655594821931
6.2,320,40,10,-0.998094690955667462,4.51537340041007167e-4,-3.34530632972870951
6.2,320,40,10,-0.997918537970063242,4.10051474316310296e-4,-3.3871616222842958
6.2,320,40,10,-0.997729341041687466,3.71484339819803298e-4,-3.43005948950285731
6.2,320,40,10,-0.997526377658644585,3.35714630383332311e-4,-3.47402973186400258
6.2,320,40,10,-0.997308899708248608,3.02618829543893658e-4,-3.51910405280790059
6.2,320,40,10,-0.997076133219892947,2.7207194888660814e-4,-3.56531623246409315
6.2,320,40,10,-0.996827278129352547,2.43948233035257312e-4,-3.61270232322015771
6.2,320,40,10,-0.996561508065195625,2.18121828333393648e-4,-3.66130087064147864
6.2,320,40,10,-0.996277970157964852,1.94467412656456781e-4,-3.71115316394854576
6.2,320,40,10,-0.995975784872769595,1.72860784197458016e-4,-3.76230352111810111
6.2,320,40,10,-0.995654045865911838,1.53179407472072994e-4,-3.81479961474490914
6.2,320,40,10,-0.995311819866148711,1.35302915189939222e-4,-3.8686928461424712
6.2,320,40,10,-0.994948146581174079,1.19113565034245448e-4,-3.92403877685432225
6.2,320,40,10,-0.994562038629880538,1.04496650778129522e-4,-3.98089762890112466
6.2,320,40,10,-0.994152481500941315,9.13408675409534988e-5,-4.03933486784988878
6.2,320,40,10,-0.993718433538229084,7.95386313473837064e-5,-4.09942188636226994
6.2,320,40,10,-0.99325882595356557,6.89863534947764157e-5,-4.16123681053899535
6.2,320,40,10,-0.992772562867272058,5.95846705573049038e-5,-4.22486545751968825
6.2,320,40,10,-0.992258521376966524,5.12386311564670127e-5,-4.29040248097914088
6.2,320,40,10,-0.991715551655028179,4.38578409052600045e-5,-4.35795275218453072
6.2,320,40,10,-0.991142477075124669,3.73565671858586695e-5,-4.42763303931390532
6.2,320,40,10,-0.99053809436817113,3.16538056468280839e-5,-4.4995740685199427
6.2,320,40,10,-0.989901173808063693,2.66733105047810061e-5,-4.57392307937070612
6.2,320,40,10,-0.989230459427502989,2.23435909062815552e-5,-4.65084702882741321
6.2,320,40,10,-0.988524669264195617,1.85978757483227345e-5,-4.73053665811899426
6.2,320,40,10,-0.987782495637693566,1.53740494697731819e-5,-4.81321172581553844
6.2,320,40,10,-0.987002605457103166,1.26145614119848449e-5,-4.89912784460467457
6.2,320,40,10,-0.986183640559866311,1.02663114047333642e-5,-4.98858556656013808
6.2,320,40,10,-0.985324218081787512,8.28051426453806634e-6,-5.08194269035091711
6.2,320,40,10,-0.984422930858450829,6.61254589713075578e-6,-5.17963130054444084
6.2,320,40,10,-0.983478347858140849,5.22177367558782188e-6,-5.28218195548768059
6.2,320,40,10,-0.982489014646351744,4.07137372178897993e-6,-5.39025903079149619
6.2,320,40,10,-0.981453453881938051,3.12813765298252996e-6,-5.50471414416226445
6.2,320,40,10,-0.980370165844930133,2.36227126904724697e-6,-5.62667023208840673
6.2,320,40,10,-0.97923762899600647,1.74718755140911554e-6,-5.75766047328258464
6.2,320,40,10,-0.978054300567583847,1.25929622347536833e-6,-5.89987209905126748
6.2,320,40,10,-0.976818617186455338,8.77791986956218042e-7,-6.05660838798931579
6.2,320,40,10,-0.975528995527874671,5.84443400687952228e-7,-6.23325754089068241
6.2,320,40,10,-0.974183833000954118,3.63384210720314325e-7,-6.43963394699499988
6.2,320,40,10,-0.972781508465211609,2.00908774670984482e-7,-6.69700109506872496
6.2,320,40,10,-0.971320382978071212,8.52730518547844664e-8,-7.06918819368405515
6.2,320,40,10,-0.969798800573089612,6.50245560523585686e-9,-8.18692260421735071
6.2,320,40,10,-0.968215089068649697,4.37923123950531588e-8,-7.3586021218575027
6.2,320,40,10,-0.966567560906830904,7.2590502065342621e-8,-7.13912019982960188
6.2,320,40,10,-0.964854514022134579,8.56268591535584179e-8,-7.06738998587772641
6.2,320,40,10,-0.963074232739711324,8.75468732437139063e-8,-7.05775936022874134
6.2,320,40,10,-0.961224988702706174,8.20512927056620008e-8,-7.0859145723133474
6.2,320,40,10,-0.959305041828306433,7.20296260399473998e-8,-7.14248883996729037
6.2,320,40,10,-0.957312641292046251,5.96824966422589194e-8,-7.22415301771908024
6.2,320,40,10,-0.955246026539891413,4.66328556799596641e-8,-7.33130798861854624
6.2,320,40,10,-0.953103428327597526,3.40261845297467094e-8,-7.46818674707163096
6.2,320,40,10,-0.950883069786804747,2.26199332451536232e-8,-7.64550868107741588
6.2,320,40,10,-0.948583167517302461,1.28625441650076189e-8,-7.89067312102747585
6.2,320,40,10,-0.946201932704867929,4.9624995845618999e-9,-8.30429951658600373
6.2,320,40,10,-0.943737572264053902,1.05209088050161481e-9,-8.97794674383661786
6.2,320,40,10,-0.94118829000527156,5.28278409071044615e-9,-8.27713713872233362
6.2,320,40,10,-0.938552287825486913,7.91834878526327076e-9,-8.10136537247784263
6.2,320,40,10,-0.935827766921821041,9.19989548472144366e-9,-8.03621710642255116
6.2,320,40,10,-0.933012929027317255,9.39289868846008018e-9,-8.0272003619261739
6.2,320,40,10,-0.930105977668111448,8.76540596122563244e-9,-8.05722796517915843
6.2,320,40,10,-0.927105119441215653,7.57172652012863511e-9,-8.12080508051700139
6.2,320,40,10,-0.92400856531209911,6.04090036827204957e-9,-8.21889832696983641
6.2,320,40,10,-0.920814531931225972,4.36926697366688591e-9,-8.35959141794824972
6.2,320,40,10,-0.91752124296868428,2.71647897738620217e-9,-8.56599365158755675
6.2,320,40,10,-0.914126930466016905,1.20434038118940995e-9,-8.9192507516326417
6.2,320,40,10,-0.910629836204341874,8.2110989177271422e-11,-10.0855987159661466
6.2,320,40,10,-0.90702821308782694,1.09181135594389741e-9,-8.96185239290409732
6.2,320,40,10,-0.90332032654156135,1.80365411424900484e-9,-8.74384674322176626
6.2,320,40,10,-0.899504455922846559,2.22168047679010877e-9,-8.65331840135608705
6.2,320,40,10,-0.895578895944907262,2.36985541808442146e-9,-8.62527814894495264
6.2,320,40,10,-0.891541958112004383,2.28675146023423825e-9,-8.64078103491856397
6.2,320,40,10,-0.887391972164912793,2.0204078854103494e-9,-8.69456094515695623
6.2,320,40,10,-0.883127287535708451,1.62357925099463665e-9,-8.78952650751249705
6.2,320,40,10,-0.87874627481079235,1.14953550849363279e-9,-8.93947760907963662
6.2,320,40,10,-0.874247327201062257,6.48527383758619344e-10,-9.18807168131594025
6.2,320,40,10,-0.869628862018127646,1.64985660817497454e-10,-9.78255379941304012
6.2,320,40,10,-0.864889322155448495,2.64517785591195281e-10,-9.57754512164607656
6.2,320,40,10,-0.860027177573264863,6.12555466468968964e-10,-9.2128545801213731
6.2,320,40,10,-0.855040926786171194,8.61415570722277639e-10,-9.06478728230914257
6.2,320,40,10,-0.849929098352177355,1.00302413480101073e-9,-8.99868861684518971
6.2,320,40,10,-0.844690252362087336,1.03830349122713051e-9,-8.98367568569715202
6.2,320,40,10,-0.839322981928016458,9.76067317198042237e-10,-9.01052022897319509
6.2,320,40,10,-0.833825914669858778,8.31562212653811342e-10,-9.0801052538388795
6.2,320,40,10,-0.828197714198508206,6.24770249154042547e-10,-9.20427965924576757
6.2,320,40,10,-0.822437081594629689,3.78586661325654673e-10,-9.4218346915204344
6.2,320,40,10,-0.816542756881770585,1.16982206397386737e-10,-9.93188019168210539
6.2,320,40,10,-0.810513520492597192,1.36748821195627693e-10,-9.86407640869062436
6.2,320,40,10,-0.804348194727037195,3.61565812074283145e-10,-9.44181264105459625
6.2,320,40,10,-0.798045645201105643,5.40009805923445674e-10,-9.2675983538441127
6.2,320,40,10,-0.791604782285189924,6.59224402185001561e-10,-9.18096672494846401
6.2,320,40,10,-0.785024562530568111,7.1162993669859937e-10,-9.1477457903948363
6.2,320,40,10,-0.778303990082934959,6.95230088305771843e-10,-9.15787144066986127
6.2,320,40,10,-0.771442118081710832,6.1354897494557308e-10,-9.21215076512980791
6.2,320,40,10,-0.764438050043910819,4.75215084565166784e-10,-9.32310978216946059
6.2,320,40,10,-0.75729094123135439,2.93225435638790931e-10,-9.53279835982066509
6.2,320,40,10,-0.75,8.39385965537912894e-11,-10.0760382964306942
6.2,320,40,10,-0.742564489130194252,1.34141904969560041e-10,-9.87243553046969515
6.2,320,40,10,-0.734983727136631382,3.41722126235504467e-10,-9.46632690006901349
6.2,320,40,10,-0.727257089556826088,5.20131563715838779e-10,-9.28388679065569759
6.2,320,40,10,-0.719384010216911023,6.52714089506278871e-10,-9.18527701250888502
6.2,320,40,10,-0.711363982473579553,7.26113729821989787e-10,-9.13899535124782658
6.2,320,40,10,-0.703196560431004797,7.31376663116504298e-10,-9.13585890131465636
6.2,320,40,10,-0.694881360131577293,6.64798013925867779e-10,-9.1773102866702822
6.2,320,40,10,-0.6864180607193161,5.28452636254762791e-10,-9.27699393122311865
6.2,320,40,10,-0.67780640557482154,3.30362845036279953e-10,-9.48100880246267474
6.2,320,40,10,-0.669046203420652252,8.42725859498216812e-11,-10.0743136793135174
6.2,320,40,10,-0.660137329396024636,1.90983649833351937e-10,-9.71900381123968095
6.2,320,40,10,-0.651079726099749245,4.72508336198719197e-10,-9.32559052507394031
6.2,320,40,10,-0.641873404600336065,7.3473445113962101e-10,-9.13386959594022913
6.2,320,40,10,-0.632518445412219007,9.51132773692035249e-10,-9.02175885334978788
6.2,320,40,10,-0.623014999437069313,1.09615928481259358e-9,-8.96012633317935308
6.2,320,40,10,-0.613363288869187824,1.14734896782203262e-9,-8.94030447072181034
6.2,320,40,10,-0.603563608063987319,1.08744445713473282e-9,-8.96359291605232909
6.2,320,40,10,-0.593616324368598238,9.0643322149673027e-10,-9.04266418561563217
6.2,320,40,10,-0.583521878913654174,6.03356161885130679e-10,-9.21942624759658677
6.2,320,40,10,-0.573280787365337421,1.87744498005638278e-10,-9.72643278146522281
6.2,320,40,10,-0.562893640636789676,3.19458594355488607e-10,-9.49558542360335003
6.2,320,40,10,-0.552361105558018625,8.85629224256716975e-10,-9.05274806091431384
6.2,320,40,10,-0.541683925503457643,1.46697166807652707e-9,-8.83357827369376156
6.2,320,40,10,-0.530862920976363103,2.00990930476226621e-9,-8.6968235392610794
6.2,320,40,10,-0.519898990149261889,2.45343377408308969e-9,-8.61022566050289539
6.2,320,40,10,-0.508793109359690574,2.73245213840666766e-9,-8.5634474364076913
6.2,320,40,10,-0.497546333560497306,2.78212718834502763e-9,-8.55562301958704547
6.2,320,40,10,-0.486159796724007817,2.54315321123092381e-9,-8.59462747514170585
6.2,320,40,10,-0.474634712199387973,1.96784878962233782e-9,-8.7060082760040727
6.2,320,40,10,-0.462972373022567054,1.02687995518615334e-9,-8.98848032353754137
6.2,320,40,10,-0.451174152178118298,2.83648073906933638e-10,-9.54722016113658
6.2,320,40,10,-0.439241502812526288,1.93507346563338278e-9,-8.71330254221430752
6.2,320,40,10,-0.427175958398304381,3.85946367100594349e-9,-8.41347304271322027
6.2,320,40,10,-0.414979132848459585,5.94382356388105217e-9,-8.22593409062872704
6.2,320,40,10,-0.402652720580837067,8.02583703466235976e-9,-8.09550966290088672
6.2,320,40,10,-0.390198496531911756,9.89184636421127106e-9,-8.00472263752843367
6.2,320,40,10,-0.377618316119630328,1.12778659249255261e-8,-7.94777307275627717
6.2,320,40,10,-0.364914115154943111,1.18745162305282568e-8,-7.92538407456134868
6.2,320,40,10,-0.352087909701702187,1.13368491221877269e-8,-7.94550763318491044
6.2,320,40,10,-0.339141795884639083,9.30011288843669895e-9,-8.03151177977643323
6.2,320,40,10,-0.326077949645173,5.40257526559990285e-9,-8.26739917405933975
6.2,320,40,10,-0.312898626444838377,6.83419575772913724e-10,-9.16531258548985444
6.2,320,40,10,-0.29960616091615883,9.21093890655772472e-9,-8.03569609823377406
6.2,320,40,10,-0.286202966460832995,2.03072431697163574e-8,-7.69234903067913073
6.2,320,40,10,-0.272691534795136598,3.39105978943760412e-8,-7.4696645528954865
6.2,320,40,10,-0.259074435442484077,4.96938585305972652e-8,-7.30369728070490503
6.2,320,40,10,-0.245354315173132314,6.6973598152959856e-8,-7.17409636798934088
6.2,320,40,10,-0.231533897391048414,8.46035975314094372e-8,-7.07261116940990046
6.2,320,40,10,-0.217615981468003029,1.00851590267699619e-7,-6.99631724927033834
6.2,320,40,10,-0.203603442024990344,1.13258253593452671e-7,-6.94593013934178881
6.2,320,40,10,-0.189499228161115594,1.18477558775192698e-7,-6.92636390301306009
6.2,320,40,10,-0.175306362630130745,1.1209774430246779e-7,-6.95040312644916097
6.2,320,40,10,-0.161027940964838751,8.84423502267270369e-8,-7.05333972519625256
6.2,320,40,10,-0.146667130549626599,4.03509528773943031e-8,-7.39414620506810656
6.2,320,40,10,-0.132227169641427024,4.10605349769772868e-8,-7.38657539651351233
6.2,320,40,10,-0.117711366339448484,1.66659883719249011e-7,-6.77816892552312186
6.2,320,40,10,-0.103123097504052438,3.4957849929438898e-7,-6.45645528634928248
6.2,320,40,10,-0.0884658076251963939,6.05510628902763416e-7,-6.21787822901423333
6.2,320,40,10,-0.073743007640900383,9.53030829680899635e-7,-6.02089305010277786
6.2,320,40,10,-0.0589582737062334818,1.41392838389255226e-6,-5.8495725871925451
6.2,320,40,10,-0.0441152459133557746,2.01355700565853209e-6,-5.69603607060460812
6.2,320,40,10,-0.0292176269631895995,2.78119783692194701e-6,-5.55576811705904796
6.2,320,40,10,-0.0142691807893320868,3.75043337798545292e-6,-5.42591854486086505
6.2,320,40,10,7.262688651411763e-4,4.9595296446778268e-6,-5.3045595094789813
6.2,320,40,10,0.015764839917294073,6.45182349437720832e-6,-5.19031752232252792
6.2,320,40,10,0.0308425934596451388,8.27611172132012064e-6,-5.08217365531595184
6.2,320,40,10,0.0459555353204190426,1.04870381926044873e-5,-4.9793471503414983
6.2,320,40,10,0.0610996176679372521,1.31454749849050216e-5,-4.88122371692951806
6.2,320,40,10,0.0762707406583151055,1.63188931930634842e-5,-4.78730930002121612
6.2,320,40,10,0.0914647541255973648,2.00817188202844517e-5,-4.697199118109779
6.2,320,40,10,0.106677459313429737,2.45156689304722774e-5,-4.61055625216899981
6.2,320,40,10,0.121904610647329838,2.9710063050956592e-5,-4.52709642653179638
6.2,320,40,10,0.137141917546587664,3.57621046629320795e-5,-4.44657693012778088
6.2,320,40,10,0.152385046274792897,4.27771275115674789e-5,-4.36878838170370797
6.2,320,40,10,0.167629621827954218,5.08688014117618878e-5,-4.29354849524441516
6.2,320,40,10,0.18287122985914447,6.0159292222382499e-5,-4.22069728188652526
6.2,320,40,10,0.198105418638574748,7.07793707144820097e-5,-4.15009330290849132
6.2,320,40,10,0.213327701047970601,8.28684651699213964e-5,-4.08161070477168064
6.2,320,40,10,0.228533556608094343,9.65746527178989585e-5,-4.01513684490171648
6.2,320,40,10,0.243718433538229084,1.12054584649377776e-4,-3.95057036985454639
6.2,320,40,10,0.258877750846412542,1.29473341243924237e-4,-3.88781964426623874
6.2,320,40,10,0.274006900449181995,1.49004211999946694e-4,-3.82680145492678569
6.2,320,40,10,0.289101249319565855,1.70828397576971769e-4,-3.76743993291022407
6.2,320,40,10,0.30415614166203242,1.95134630235906552e-4,-3.70966565020699648
6.2,320,40,10,0.31916690111308229,2.22118710097965393e-4,-3.6534148572549475
6.2,320,40,10,0.334128832966147828,2.51982955132117307e-4,-3.59862883518045488
6.2,320,40,10,0.34903722641944088,2.84935563420842218e-4,-3.54525334214863267
6.2,320,40,10,0.363887356845368776,3.21189886940281457e-4,-3.49323813747546965
6.2,320,40,10,0.378674488080118427,3.60963616818471669e-4,-3.44253657042473968
6.2,320,40,10,0.393393874731989148,4.04477880798574107e-4,-3.39310522314881964
6.2,320,40,10,0.408040764507036669,4.51956254426583782e-4,-3.34490359921640221
6.2,320,40,10,0.422610400550573643,5.03623688298129762e-4,-3.29789385073412126
6.2,320,40,10,0.437098023803055935,5.59705354529401042e-4,-3.25204053831133585
6.2,320,40,10,0.451498875368868932,6.20425416455301447e-4,-3.20731041911087154
6.2,320,40,10,0.465808198896514238,6.86005726395685449e-4,-3.16367225902842681
6.2,320,40,10,0.48002124296868428,7.56664457159753772e-4,-3.12109666569137805
6.2,320,40,10,0.49413326350070066,8.3261467377104376e-4,-3.07955593949579798
6.2,320,40,10,0.508139526145781498,9.14062852682525787e-4,-3.03902394033324695
6.2,320,40,10,0.522035308705593583,0.00100120735650473651,-2.99947596801539677
6.2,320,40,10,0.535815903544536807,0.00109423687298138963,-2.96088865469971667
6.2,320,40,10,0.549476620006201241,0.0011933288276084682,-2.92323986786501164
6.2,320,40,10,0.563012786830431172,0.00129864777989669058,-2.88650862259082596
6.2,320,40,10,0.576419754569425624,0.00141034381381612093,-2.85067500206698011
6.2,320,40,10,0.589692898001301195,0.00152855093342871214,-2.81572008540469397
6.2,320,40,10,0.602827618539540558,0.00165338547510343395,-2.78162588194360271
6.2,320,40,10,0.615819346636748667,0.0017849445480136961,-2.74837527135332183
6.2,320,40,10,0.628663544181138589,0.0019233045148330769,-2.7159519489171742
6.2,320,40,10,0.641355706884169907,0.00206851952466872838,-2.68434037546178735
6.2,320,40,10,0.653891366657764915,0.00222062011029888572,-2.65352573146158141
6.2,320,40,10,0.666266093979531212,0.00237961186170916226,-2.62349387490340308
6.2,320,40,10,0.67847550024442395,0.00254547418775016056,-2.59423130254512986
6.2,320,40,10,0.690515240101286724,0.00271815917746569997,-2.56572511424413974
6.2,320,40,10,0.702381013772717122,0.00289759057226691662,-2.53796298006808827
6.2,320,40,10,0.714068569356711035,0.00308366285965384498,-2.51093310993226858
6.2,320,40,10,0.725573705108549178,0.00327624049861499451,-2.48462422553563287
6.2,320,40,10,0.73689227170139973,0.00347515728616997273,-2.45902553439189655
6.2,320,40,10,0.748020174464122637,0.00368021587376436223,-2.4341267057735135
6.2,320,40,10,0.758953375594773914,0.00389118744138469076,-2.40991784840510965
6.2,320,40,10,0.769687896348322183,0.00410781153634012312,-2.38638948975953976
6.2,320,40,10,0.780219819197104766,0.00432979608266291348,-2.36353255682438426
6.2,320,40,10,0.790545289962566824,0.00455681756601886567,-2.34133835821967995
6.2,320,40,10,0.800660519916844292,0.00478852139789988987,-2.31979856755919746
6.2,320,40,10,0.810561787852769795,0.00502452246170163022,-2.29890520795782286
6.2,320,40,10,0.820245442120900162,0.00526440584207898648,-2.27865063759673122
6.2,320,40,10,0.829707902632184698,0.00550772773773050289,-2.25902753626619237
6.2,320,40,10,0.838945662824915004,0.00575401655649872521,-2.24002889281314302
6.2,320,40,10,0.847955291594619728,0.00600277419039765546,-2.22164799342719659
6.2,320,40,10,0.856733435185591328,0.00625347746690044825,-2.20387841070463309
6.2,320,40,10,0.865276819042756564,0.00650557977155064283,-2.18671399343519233
6.2,320,40,10,0.873582249622628118,0.00675851283570864208,-2.17014885706125352
6.2,320,40,10,0.881646616162101352,0.00701168868202185364,-2.15417737476328174
6.2,320,40,10,0.889466892403887774,0.00726450171902171943,-2.13879416912930824
6.2,320,40,10,0.897040138277405316,0.007516330975113319,-2.12399410436973345
6.2,320,40,10,0.904363501533974897,0.0077665424611425156,-2.10977227904193795
6.2,320,40,10,0.911434219335203072,0.00801449164971045806,-2.09612401925209337
6.2,320,40,10,0.918249619793461696,0.00825952605846388404,-2.0830448723042133
6.2,320,40,10,0.924807123463407538,0.00850098792372973774,-2.07053060076890058
6.2,320,40,10,0.931104244783517589,0.00873821695009112941,-2.05857717694645731
6.2,320,40,10,0.937138593466649403,0.00897055312082494272,-2.04718077770104808
6.2,320,40,10,0.942907875838670157,0.00919733955354501821,-2.0363377796444651
6.2,320,40,10,0.948409896124233238,0.00941792538492360423,-2.0260447546497533
6.2,320,40,10,0.953642557678816954,0.00963166866800165596,-2.0162984656765284
6.2,320,40,10,0.958603864166176469,0.00983793926534872024,-2.00709586289127678
6.2,320,40,10,0.963291920680397199,0.0100361217211978527,-1.99843408006727281
6.2,320,40,10,0.967704934811775695,0.010225618095661684,-1.99031043125000015
6.2,320,40,10,0.971841217655792397,0.0104058507442329148,-1.98272240767512664
6.2,320,40,10,0.975699184764479593,0.0105762650259858326,-1.97566767492716756
6.2,320,40,10,0.979277357039527386,0.0107363319242236867,-1.96914407032798732
6.2,320,40,10,0.982574361566510485,0.0108855505637578767,-1.96314960054524151
6.2,320,40,10,0.985588932389659053,0.0110234506095559835,-1.95768243941175716
6.2,320,40,10,0.988319911226637817,0.0111495945321530128,-1.9527409259476949
6.2,320,40,10,0.990766248122838913,0.0112635797259793256,-1.94832356257813724
6.2,320,40,10,0.992927002044735691,0.0113650404676143944,-1.94442901353950859
6.2,320,40,10,0.994801341411886739,0.0114536497019218089,-1.94105610346895851
6.2,320,40,10,0.996388544567221761,0.0115291206450513085,-1.93820381617153499
6.2,320,40,10,0.997688000185283636,0.0115912081944008618,-1.93587129356064316
6.2,320,40,10,0.998699207618143844,0.0116397101368082266,-1.93405783476792995
6.2,320,40,10,0.999421777178751647,0.0116744681474788073,-1.93276289541936117
6.2,320,40,10,0.999855430361520663,0.0116953685734463407,-1.9319860870748672
6.2,320,40,10,1.0,0.011702342996695972,-1.93172717682952954
6.2,640,80,20,-1.0,1.14905168427334749e-6,-5.93966043633356495
6.2,640,80,20,-0.999999999999999563,1.14872735266340116e-6,-5.93978303770399934
6.2,640,80,20,-0.999999999999972021,1.14775488439146456e-6,-5.94015085037222531
6.2,640,80,20,-0.999999999999681306,1.14613585776590803e-6,-5.94076390001174606
6.2,640,80,20,-0.999999999998209446,1.14387289875430681e-6,-5.94162222942085157
6.2,640,80,20,-0.999999999993169948,1.14096967418047463e-6,-5.94272589853630299
6.2,640,80,20,-0.999999999979606924,1.13743088223343096e-6,-5.9440749844525054
6.2,640,80,20,-0.999999999948580309,1.13326224032125172e-6,-5.94566958144618365
6.2,640,80,20,-0.999999999885437654,1.12847047031192594e-6,-5.94750980100658028
6.2,640,80,20,-0.999999999767773082,1.12306328121233274e-6,-5.94959577187119866
6.2,640,80,20,-0.999999999563074097,1.11704934934522762e-6,-5.95192764006711884
6.2,640,80,20,-0.999999999226057026,1.11043829609264615e-6,-5.95450556895791789
6.2,640,80,20,-0.999999998695692017,1.10324066328236161e-6,-5.95732973929623109
6.2,640,80,20,-0.999999997891918573,1.09546788630193646e-6,-5.96040034928199438
6.2,640,80,20,-0.999999996712052755,1.08713226503245265e-6,-5.96371761462641336
6.2,640,80,20,-0.999999995026887247,1.07824693270116269e-6,-5.96728176862170848
6.2,640,80,20,-0.999999992676485618,1.0688258227590419e-6,-5.97109306221669071
6.2,640,80,20,-0.999999989465672198,1.0588836338955162e-6,-5.97515176409822671
6.2,640,80,20,-0.999999985159219085,1.04843579330846445e-6,-5.97945816077865735
6.2,640,80,20,-0.99999997947673193,1.03749841835292651e-6,-5.98401255668923828
6.2,640,80,20,-0.999999972087236216,1.02608827669676877e-6,-5.98881527427967618
6.2,640,80,20,-0.999999962603465873,1.01422274511584942e-6,-5.99386665412383959
6.2,640,80,20,-0.999999950575856161,1.00191976706497196e-6,-5.99916705503172824
6.2,640,80,20,-0.999999935486242865,9.89197809164104519e-7,-6.00471685416779026
6.2,640,80,20,-0.999999916741269935,9.76075816741964941e-7,-6.01051644717568222
6.2,640,80,20,-0.999999893665507807,9.62573168581120188e-7,-6.01656624830957221
6.2,640,80,20,-0.999999865494284749,9.48709631010219487e-7,-6.02286669057209244
6.2,640,80,20,-0.999999831366233673,9.34505311489871689e-7,-6.02941822585905342
6.2,640,80,20,-0.999999790315556932,9.19980611838990187e-7,-6.03622132511103797
6.2,640,80,20,-0.999999741264011755,9.05156181248167015e-7,-6.04327647847199972
6.2,640,80,20,-0.999999683012619046,8.90052869225808011e-7,-6.05058419545499714
6.2,640,80,20,-0.999999614233098365,8.74691678621372192e-7,-6.05814500511520082
6.2,640,80,20,-0.99999953345903202,8.59093718868122436e-7,-6.06595945623031874
6.2,640,80,20,-0.999999439076761304,8.43280159585325143e-7,-6.07402811748859141
6.2,640,80,20,-0.999999329316017956,8.27272184676850183e-7,-6.0823515776845159
6.2,640,80,20,-0.999999202240294089,8.11090947059637745e-7,-6.09093044592246597
6.2,640,80,20,-0.999999055736953854,7.94757524151536416e-7,-6.0997653518283827
6.2,640,80,20,-0.999998887507090253,7.78292874243599695e-7,-6.10885694576971906
6.2,640,80,20,-0.999998695055130569,7.61717793877080791e-7,-6.11820589908382961
6.2,640,80,20,-0.999998475678193991,7.4505287634011423e-7,-6.12781290431500589
6.2,640,80,20,-0.99999822645520509,7.28318471393445552e-7,-6.13767867546036706
6.2,640,80,20,-0.999997944235766906,7.11534646328596246e-7,-6.14780394822482486
6.2,640,80,20,-0.99999762562879747,6.94721148455560895e-7,-6.15818948028535191
6.2,640,80,20,-0.99999726699093369,6.77897369110558611e-7,-6.16883605156479271
6.2,640,80,20,-0.999996864414706614,6.61082309267533931e-7,-6.17974446451546757
6.2,640,80,20,-0.999996413716492152,6.4429454683005657e-7,-6.1909155444128305
6.2,640,80,20,-0.999995910424241443,6.27552205673038547e-7,-6.20235013965945431
6.2,640,80,20,-0.999995349764995116,6.10872926496305443e-7,-6.21404912209962782
6.2,640,80,20,-0.999994726652185799,5.94273839544560142e-7,-6.22601338734486309
6.2,640,80,20,-0.999994035672733275,5.77771539240696785e-7,-6.23824385511062377
6.2,640,80,20,-0.9999932710739368,5.61382060771793984e-7,-6.25074146956459929
6.2,640,80,20,-0.999992426750169151,5.45120858659473466e-7,-6.26350719968686434
6.2,640,80,20,-0.999991496229377061,5.29002787338686599e-7,-6.27654203964227809
6.2,640,80,20,-0.999990472659392763,5.13042083761419406e-7,-6.28984700916549323
6.2,640,80,20,-0.999989348794061451,4.97252352034318605e-7,-6.30342315395896173
6.2,640,80,20,-0.999988116979189532,4.81646550091867817e-7,-6.31727154610434122
6.2,640,80,20,-0.999986769138318608,4.66236978399514239e-7,-6.33139328448772431
6.2,640,80,20,-0.999985296758330223,4.5103527067409031e-7,-6.34578949523913182
6.2,640,80,20,-0.999983690874886439,4.36052386602019541e-7,-6.36046133218673097
6.2,640,80,20,-0.999981942057711414,4.21298606529166375e-7,-6.37540997732626061
6.2,640,80,20,-0.999980040395719191,4.06783528089811024e-7,-6.39063664130616694
6.2,640,80,20,-0.999977975481992992,3.92516064736124041e-7,-6.40614256392897676
6.2,640,80,20,-0.999975736398621361,3.78504446123702901e-7,-6.421929014669459
6.2,640,80,20,-0.999973311701396569,3.64756220303232803e-7,-6.43799729321015065
6.2,640,80,20,-0.99997068940438076,3.51278257663163544e-7,-6.45434872999485021
6.2,640,80,20,-0.999967856964345366,3.38076756563468556e-7,-6.47098468680070921
6.2,640,80,20,-0.999964801265089376,3.25157250596084411e-7,-6.48790655732958243
6.2,640,80,20,-0.99996150860164213,3.12524617403530245e-7,-6.50511576781932789
6.2,640,80,20,-0.999957964664356308,3.00183088983485883e-7,-6.52261377767578085
6.2,640,80,20,-0.999954154522896906,2.88136263403772076e-7,-6.54040208012616005
6.2,640,80,20,-0.999950062610131977,2.7638711784923125e-7,-6.55848220289470092
6.2,640,80,20,-0.999945672705931029,2.64938022919455674e-7,-6.57685570890134861
6.2,640,80,20,-0.999940967920876958,2.5379075809415317e-7,-6.59552419698438406
6.2,640,80,20,-0.999935930679897505,2.4294652828117759e-7,-6.61448930264789877
6.2,640,80,20,-0.999930542705822213,2.32405981360879709e-7,-6.63375269883507907
6.2,640,80,20,-0.999924785002870961,2.22169226639449426e-7,-6.65331609672830794
6.2,640,80,20,-0.99991863784008014,2.12235854123316069e-7,-6.67318124657714271
6.2,640,80,20,-0.999912080734672629,2.02604954526442322e-7,-6.69334993855527996
6.2,640,80,20,-0.999905092435377725,1.93275139922479291e-7,-6.71382400364767511
6.2,640,80,20,-0.999897650905707257,1.84244564954234646e-7,-6.73460531456904342
6.2,640,80,20,-0.999889733307194123,1.75510948513730205e-7,-6.75569578671503233
6.2,640,80,20,-0.999881315982599531,1.67071595807276069e-7,-6.77709737914742123
6.2,640,80,20,-0.99987237443909528,1.58923420721450709e-7,-6.79881209561477585
6.2,640,80,20,-0.999862883331427408,1.5106296840763415e-7,-6.82084198561005907
6.2,640,80,20,-0.999852816445067608,1.43486438004777807e-7,-6.84318914546677946
6.2,640,80,20,-0.999842146679358806,1.3618970542239171e-7,-6.86585571949534345
6.2,640,80,20,-0.999830846030661346,1.29168346108269313e-7,-6.88884390116136648
6.2,640,80,20,-0.999818885575506245,1.22417657728232676e-7,-6.91215593430779378
6.2,640,80,20,-0.999806235453761988,1.1593268268814681e-7,-6.93579411442278289
6.2,640,80,20,-0.999792864851821393,1.09708230431601409e-7,-6.95976078995540778
6.2,640,80,20,-0.999778741985815055,1.03738899449970649e-7,-6.98405836368135913
6.2,640,80,20,-0.999763834084857917,9.8019098945016815e-8,-7.00868929412093796
6.2,640,80,20,-0.999748107374335545,9.25430700877805813e-8,-7.03365609701176962
6.2,640,80,20,-0.999731527059236664,8.73049068211795198e-8,-7.0589613468388049
6.2,640,80,20,-0.999714057307538557,8.22985761574963637e-8,-7.08460767842432265
6.2,640,80,20,-0.999695661233651936,7.75179379257598765e-8,-7.11059778858080756
6.2,640,80,20,-0.999676300881931877,7.29567639278841046e-8,-7.13693443782974545
6.2,640,80,20,-0.999655937210261463,6.8608756466317215e-8,-7.16362045218955988
6.2,640,80,20,-0.999634530073714747,6.4467566209840391e-8,-7.19065872503610768
6.2,640,80,20,-0.999612038208305663,6.05268093680323986e-8,-7.2180522190393582
6.2,640,80,20,-0.999588419214829544,5.67800841487591598e-8,-7.2458039681801038
6.2,640,80,20,-0.999563629542803844,5.32209864768434765e-8,-7.27391707985078701
6.2,640,80,20,-0.999537624474514741,4.98431249558022764e-8,-7.3023947370447861
6.2,640,80,20,-0.999510358109176215,4.66401350581926307e-8,-7.33124020063877496
6.2,640,80,20,-0.999481783347208259,4.36056925336694982e-8,-7.3604568117730686
6.2,640,80,20,-0.999451851874640826,4.07335260273148376e-8,-7.39004799433518297
6.2,640,80,20,-0.999420514147650141,3.80174289041375804e-8,-7.4200172575521792
6.2,640,80,20,-0.999387719377233971,3.54512702788561843e-8,-7.45036819869773056
6.2,640,80,20,-0.999353415514032456,3.30290052531503928e-8,-7.48110450592024667
6.2,640,80,20,-0.999317549233301075,3.0744684365497759e-8,-7.51222996119881777
6.2,640,80,20,-0.999280065920042321,2.85924622614859208e-8,-7.54374844343420344
6.2,640,80,20,-0.999240909654302632,2.6566605595107066e-8,-7.5756639316825898
6.2,640,80,20,-0.999200023196641102,2.46615001739911182e-8,-7.60798050854037881
6.2,640,80,20,-0.999157347973776499,2.28716573638145994e-8,-7.64070236368885844
6.2,640,80,20,-0.999112824064419068,2.11917197692296038e-8,-7.67383379760823539
6.2,640,80,20,-0.999066390185293583,1.96164662105896177e-8,-7.70737922547119955
6.2,640,80,20,-0.999017983677360107,1.81408160175047921e-8,-7.74134318122693521
6.2,640,80,20,-0.998967540492238847,1.67598326618384373e-8,-7.77573032188730456
6.2,640,80,20,-0.99891499517884552,1.54687267541596058e-8,-7.81054543202781094
6.2,640,80,20,-0.998860280870243555,1.42628584288951882e-8,-7.84579342851690956
6.2,640,80,20,-0.998803329270719479,1.31377391444813309e-8,-7.88147936548828008
6.2,640,80,20,-0.998744070643087754,1.20890329257013506e-8,-7.91760843957181766
6.2,640,80,20,-0.998682433796231338,1.11125570761195594e-8,-7.95418599540034717
6.2,640,80,20,-0.998618346072884171,1.02042823890821047e-8,-7.9912175314104299
6.2,640,80,20,-0.998551733337661766,9.36033288616227586e-9,-8.02870870595712666
6.2,640,80,20,-0.998482519965346047,8.57698511218451323e-9,-8.06666534376421942
6.2,640,80,20,-0.998410628829430522,7.85066701607486793e-9,-8.10509344273319209
6.2,640,80,20,-0.998335981290931835,7.17795644676264753e-9,-8.14399918113624727
6.2,640,80,20,-0.998258497187473712,6.55557929320559105e-9,-8.18338892522081065
6.2,640,80,20,-0.998178094822649252,5.9804072973366257e-9,-8.22326923725537101
6.2,640,80,20,-0.998094690955667462,5.44945556834182854e-9,-8.26364688404914813
6.2,640,80,20,-0.998008200791289902,4.95987982618463184e-9,-8.30452884598100193
6.2,640,80,20,-0.997918537970063242,4.50897340169871937e-9,-8.34592232657622938
6.2,640,80,20,-0.997825614558853471,4.09416401988972048e-9,-8.38783476267347736
6.2,640,80,20,-0.997729341041687466,3.71301039232203803e-9,-8.43027383522797547
6.2,640,80,20,-0.997629626310907545,3.36319864363026772e-9,-8.47324748080171174
6.2,640,80,20,-0.997526377658644585,3.04253859629296367e-9,-8.51676390379609397
6.2,640,80,20,-0.997419500768615225,2.74895993684817331e-9,-8.56083158948812585
6.2,640,80,20,-0.997308899708248608,2.48050828572326778e-9,-8.6054593179372559
6.2,640,80,20,-0.997194476921148047,2.23534119180402562e-9,-8.65065617883691544
6.2,640,80,20,-0.997076133219892947,2.0117240717873718e-9,-8.6964315873924506
6.2,640,80,20,-0.996953767779186245,1.80802611325607193e-9,-8.74279530131578908
6.2,640,80,20,-0.996827278129352547,1.62271615928920048e-9,-8.78975743903689987
6.2,640,80,20,-0.996696560150192098,1.45435859128620667e-9,-8.83732849924306228
6.2,640,80,20,-0.996561508065195625,1.30160922554142986e-9,-8.88551938186934104
6.2,640,80,20,-0.996422014436125031,1.16321123796615897e-9,-8.93434141067768308
6.2,640,80,20,-0.996277970157964852,1.03799113022261085e-9,-8.98380635757795991
6.2,640,80,20,-0.996129264454249292,9.2485474941396416e-10,-9.03392646886237227
6.2,640,80,20,-0.995975784872769595,8.22783372371878495e-10,-9.08471449354526123
6.2,640,80,20,-0.995817417281666424,7.30829864502403926e-10,-9.13618371402394215
6.2,640,80,20,-0.995654045865911838,6.48114922097085993e-10,-9.18834797930318549
6.2,640,80,20,-0.995485553124185383,5.73823405992231128e-10,-9.24122174105699166
6.2,640,80,20,-0.995311819866148711,5.07200773469142431e-10,-9.2948200928370407
6.2,640,80,20,-0.995132725210123096,4.47549614334686038e-10,-9.34915881277847212
6.2,640,80,20,-0.994948146581174079,3.94226296207422969e-10,-9.40425441020146561
6.2,640,80,20,-0.994757959709607435,3.46637723161966886e-10,-9.46012417656265407
6.2,640,80,20,-0.994562038629880538,3.04238211055047668e-10,-9.51678624127516651
6.2,640,80,20,-0.994360255679933117,2.66526482072445909e-10,-9.57425963299184383
6.2,640,80,20,-0.994152481500941315,2.33042780297628201e-10,-9.63256434703506149
6.2,640,80,20,-0.993938585037498864,2.03366109411328314e-10,-9.69172141976128591
6.2,640,80,20,-0.993718433538229084,1.77111592986929814e-10,-9.75175301077225581
6.2,640,80,20,-0.993491892556831354,1.53927957249447251e-10,-9.81268249403156344
6.2,640,80,20,-0.99325882595356557,1.33495135616021908e-10,-9.87453455912044553
6.2,640,80,20,-0.993019095897178024,1.1552199383271987e-10,-9.93733532407606773
6.2,640,80,20,-0.992772562867272058,9.97441740653703909e-11,-10.0011124615074019
6.2,640,80,20,-0.992519085657126713,8.5922055890307079e-11,-10.065895339987935
6.2,640,80,20,-0.992258521376966524,7.38388317630605717e-11,-10.1317151830936002
6.2,640,80,20,-0.991990725457685492,6.3298694217998893e-11,-10.1986052489047123
6.2,640,80,20,-0.991715551655028179,5.41251317681536899e-11,-10.2666010333431993
6.2,640,80,20,-0.991432852054230744,4.61593302303945328e-11,-10.3357405013981243
6.2,640,80,20,-0.991142477075124669,3.92586759949816982e-11,-10.4060643511386991
6.2,640,80,20,-0.990844275477705787,3.3295357588497476e-11,-10.4776163164711724
6.2,640,80,20,-0.99053809436817113,2.81550617432985875e-11,-10.5504435159257262
6.2,640,80,20,-0.990223779205426018,2.37357600829524534e-11,-10.6245968564441828
6.2,640,80,20,-0.989901173808063693,1.99465824595737468e-11,-10.7001315032900449
6.2,640,80,20,-0.989570120361819681,1.67067729334892191e-11,-10.7771074299705029
6.2,640,80,20,-0.989230459427502989,1.39447243661371595e-11,-10.8555900656538451
6.2,640,80,20,-0.988882029949406097,1.15970876014618998e-11,-10.9356510622749404
6.2,640,80,20,-0.988524669264195617,9.6079512372164403e-12,-11.0173692097539391
6.2,640,80,20,-0.988158213110285377,7.92808803348770176e-12,-11.1008315360901797
6.2,640,80,20,-0.987782495637693566,6.51426406939845107e-12,-11.1861346403738354
6.2,640,80,20,-0.98739734941838546,5.32860683835703351e-12,-11.2733863222119021
6.2,640,80,20,-0.987002605457103166,4.33802856551989424e-12,-11.3627075925231125
6.2,640,80,20,-0.986598093202683661,3.51370113647010416e-12,-11.4542351808890084
6.2,640,80,20,-0.986183640559866311,2.83057914174118569e-12,-11.5481246979279533
6.2,640,80,20,-0.98575907390159096,2.26696766605513085e-12,-11.6445546742069536
6.2,640,80,20,-0.985324218081787512,1.80413158240975749e-12,-11.7437317908348204
6.2,640,80,20,-0.984878896448657851,1.42594324794829092e-12,-11.8458977589114748
6.2,640,80,20,-0.984422930858450829,1.11856563947302348e-12,-11.9513385256268102
6.2,640,80,20,-0.983956141689730892,8.70168110221982268e-13,-12.060396836704526
6.2,640,80,20,-0.983478347858140849,6.70672094908103843e-13,-12.1734897632575983
6.2,640,80,20,-0.982989366831659123,5.11524235918822102e-13,-12.2911337846762479
6.2,640,80,20,-0.982489014646351744,3.85494548983219201e-13,-12.4139817586331179
6.2,640,80,20,-0.981977105922619185,2.86497390624559522e-13,-12.5428793291678501
6.2,640,80,20,-0.981453453881938051,2.09433131514572734e-13,-12.6789546135083371
6.2,640,80,20,-0.980917870364097497,1.50048578712240064e-13,-12.8237681139369274
6.2,640,80,20,-0.980370165844930133,1.04814325074661985e-13,-12.9795793578511128
6.2,640,80,20,-0.979810149454537048,7.08173353286988227e-14,-13.1498604186371297
6.2,640,80,20,-0.97923762899600647,4.56672049308064789e-14,-13.3403955686486265
6.2,640,80,20,-0.978652410964625451,2.74146495395047569e-14,-13.5620173016328462
6.2,640,80,20,-0.978054300567583847,1.44808993757969652e-14,-13.8392044642565462
6.2,640,80,20,-0.977443101744169743,5.59678371744680678e-15,-14.2520614756793494
6.2,640,80,20,-0.976818617186455338,2.49603905414083731e-16,-15.6027486237711959
6.2,640,80,20,-0.976180648360472202,3.85766968156241984e-15,-14.4136749621810731
6.2,640,80,20,-0.975528995527874671,5.85242877075137857e-15,-14.2326638633481899
6.2,640,80,20,-0.974863457768090045,6.71678800846592524e-15,-14.1728383584463309
6.2,640,80,20,-0.974183833000954118,6.81874806236005274e-15,-14.1662953554782456
6.2,640,80,20,-0.97348991800983044,6.43419455185178267e-15,-14.1915058113982627
6.2,640,80,20,-0.972781508465211609,5.76587672074930119e-15,-14.2391346474265948
6.2,640,80,20,-0.97205839894880075,4.95910674656568465e-15,-14.3045965432625333
6.2,640,80,20,-0.971320382978071212,4.11465250225508262e-15,-14.3856668366912342
6.2,640,80,20,-0.970567253031302413,3.29924135711073904e-15,-14.4815859123336512
6.2,640,80,20,-0.969798800573089612,2.55404219596358588e-15,-14.5927719319266508
6.2,640,80,20,-0.969014816080325294,1.90144701773061735e-15,-14.7209157713451175
6.2,640,80,20,-0.968215089068649697,1.35043200316156721e-15,-14.8695272784851702
6.2,640,80,20,-0.967399408119367918,9.00740567283295796e-16,-15.0454002771912545
6.2,640,80,20,-0.966567560906830904,5.46097380153443555e-16,-15.2627299069429992
6.2,640,80,20,-0.965719334226277492,2.76632394152327585e-16,-15.5580969645815877
6.2,640,80,20,-0.964854514022134579,8.06673021557475347e-17,-16.0933024673964954
6.2,640,80,20,-0.96397288541677234,5.40066832808356937e-17,-16.2675524932809416
6.2,640,80,20,-0.963074232739711324,1.39251540798384231e-16,-15.856199990721315
6.2,640,80,20,-0.962158339557278123,1.86015560230648548e-16,-15.7304507254613436
6.2,640,80,20,-0.961224988702706174,2.0400253702795935e-16,-15.6903644315427683
6.2,640,80,20,-0.960273962306678175,2.01516312856339439e-16,-15.6956897917227025
6.2,640,80,20,-0.959305041828306433,1.85431612168406302e-16,-15.7318162258550487
6.2,640,80,20,-0.958318008086547364,1.61252074326645308e-16,-15.7924946899465156
6.2,640,80,20,-0.957312641292046251,1.33224790657474816e-16,-15.8754149535143348
6.2,640,80,20,-0.956288721079408237,1.04487701679454038e-16,-15.9809348234961213
6.2,640,80,20,-0.955246026539891413,7.72320553060602942e-17,-16.1122024075259503
6.2,640,80,20,-0.954184336254517752,5.28669232217650859e-17,-16.2768159641682188
6.2,640,80,20,-0.953103428327597526,3.21766586346093008e-17,-16.4924590569397484
6.2,640,80,20,-0.952003080420662702,1.54652808150622682e-17,-16.8106421897684813
6.2,640,80,20,-0.950883069786804747,2.68420498906357589e-18,-17.5711843207609842
6.2,640,80,20,-0.949743173305412091,6.45839642013185323e-18,-17.1898753012525927
6.2,640,80,20,-0.948583167517302461,1.24069211357748555e-17,-16.9063359783432791
6.2,640,80,20,-0.947402828660245113,1.56856701893179724e-17,-16.8044969208103801
6.2,640,80,20,-0.946201932704867929,1.68428205981850186e-17,-16.7735851772276211
6.2,640,80,20,-0.944980255390944212,1.64092438409921579e-17,-16.7849114313327007
6.2,640,80,20,-0.943737572264053902,1.48701505489262211e-17,-16.8276846345555886
6.2,640,80,20,-0.942473658712613837,1.26474707741460405e-17,-16.8979963154886197
6.2,640,80,20,-0.94118829000527156,1.0090923330080451e-17,-16.9960690935438105
6.2,640,80,20,-0.939881241328657087,7.47585387606381541e-18,-17.1263391959822587
6.2,640,80,20,-0.938552287825486913,5.00610229820345042e-18,-17.3005002799592514
6.2,640,80,20,-0.937201204633014458,2.82037334688931176e-18,-17.549693398148162
6.2,640,80,20,-0.935827766921821041,1.00081281324080042e-18,-17.9996471430786726
6.2,640,80,20,-0.934431749934941341,4.17278877460006444e-19,-18.3795735985970297
6.2,640,80,20,-0.933012929027317255,1.43544311734660428e-18,-17.8430140127195139
6.2,640,80,20,-0.931571079705573898,2.0824126391776162e-18,-17.6814332089458643
6.2,640,80,20,-0.930105977668111448,2.40527376433553273e-18,-17.6188354857875186
6.2,640,80,20,-0.928617398845506389,2.46174153191019406e-18,-17.6087575473258232
6.2,640,80,20,-0.927105119441215653,2.31371342449778224e-18,-17.6356904335720866
6.2,640,80,20,-0.925568915972577027,2.02215791290680864e-18,-17.6941849328072329
6.2,640,80,20,-0.92400856531209911,1.64330840439094079e-18,-17.7842809236275678
6.2,640,80,20,-0.922423844729034026,1.22606959066486646e-18,-17.9114848789334146
6.2,640,80,20,-0.920814531931225972,8.10499360490584396e-19,-18.0912473234872983
6.2,640,80,20,-0.91918040510722862,4.27202783317345381e-19,-18.3693659264490067
6.2,640,80,20,-0.91752124296868428,9.74624713092290218e-20,-19.0111625806178285
6.2,640,80,20,-0.915836824792957653,1.66070826617168435e-19,-18.7797066526296514
6.2,640,80,20,-0.914126930466016905,3.582948641248591e-19,-18.445759417059174
6.2,640,80,20,-0.912391340525554717,4.80331849966646215e-19,-18.3184586150971268
6.2,640,80,20,-0.910629836204341874,5.38095897538781529e-19,-18.2691403190166192
6.2,640,80,20,-0.908842199473805872,5.40861671414958158e-19,-18.2669137940853547
6.2,640,80,20,-0.90702821308782694,4.99920490261959632e-19,-18.3010990624365848
6.2,640,80,20,-0.905187660626743793,4.27387083614284894e-19,-18.3691786071130023
6.2,640,80,20,-0.90332032654156135,3.35198562082668353e-19,-18.4746978530516119
6.2,640,80,20,-0.901425996198352581,2.34327717777494539e-19,-18.630176337242381
6.2,640,80,20,-0.899504455922846559,1.34216043234568672e-19,-18.8721955685797959
6.2,640,80,20,-0.897555493045194718,4.24181376132295804e-20,-19.3724484032888863
6.2,640,80,20,-0.895578895944907262,3.55614408981188132e-20,-19.4490206503614391
6.2,640,80,20,-0.893574454095951568,9.62653787990992027e-20,-19.0165298759070951
6.2,640,80,20,-0.891541958112004383,1.38146072668063687e-19,-18.8596614570582385
6.2,640,80,20,-0.889481199791849534,1.61326695359051032e-19,-18.7922937622585753
6.2,640,80,20,-0.887391972164912793,1.67294122621647983e-19,-18.7765193164065431
6.2,640,80,20,-0.885274069536925502,1.58555084590100521e-19,-18.7998198263331002
6.2,640,80,20,-0.883127287535708451,1.38283609907366703e-19,-18.8592292916810767
6.2,640,80,20,-0.880951423157067506,1.09983542087473543e-19,-18.9586722977085785
6.2,640,80,20,-0.87874627481079235,7.71850167503633553e-20,-19.1124669972573279
6.2,640,80,20,-0.876511642366749696,4.31886482980101476e-20,-19.3646303881243399
6.2,640,80,20,-0.874247327201062257,1.08660941314171368e-20,-19.9639265370551082
6.2,640,80,20,-0.871953132242364682,1.74790993634035559e-20,-19.7574809487943467
6.2,640,80,20,-0.869628862018127646,4.01907103473778127e-20,-19.3958743178383179
6.2,640,80,20,-0.867274322701041204,5.62830372629084007e-20,-19.2496224742982469
6.2,640,80,20,-0.864889322155448495,6.54148253057043154e-20,-19.1843238140793451
6.2,640,80,20,-0.862473669983820784,6.78227016826466986e-20,-19.1686249143147065
6.2,640,80,20,-0.860027177573264863,6.42241354455764727e-20,-19.1923017332857134
6.2,640,80,20,-0.857549658142053689,5.57004270974009352e-20,-19.2541414747484735
6.2,640,80,20,-0.855040926786171194,4.3570049295742333e-20,-19.3608119486973247
6.2,640,80,20,-0.852500800525862068,2.92619018503584875e-20,-19.5336974507235528
6.2,640,80,20,-0.849929098352177355,1.41968271001360774e-20,-19.8478087068053322
6.2,640,80,20,-0.847325641273506606,3.15820252021892183e-22,-21.5005600242347929
6.2,640,80,20,-0.844690252362087336,1.31615157074945703e-20,-19.8806940935870994
6.2,640,80,20,-0.84202275680048247,2.34806350213660999e-20,-19.6292901620008325
6.2,640,80,20,-0.839322981928016458,3.0703890252797019e-20,-19.5128065949369596
6.2,640,80,20,-0.836590757287160684,3.45634708304324744e-20,-19.4613826525699393
6.2,640,80,20,-0.833825914669858778,3.50817251003699352e-20,-19.4549190588877941
6.2,640,80,20,-0.831028288163782424,3.25404483266195572e-20,-19.4875764678578055
6.2,640,80,20,-0.828197714198508206,2.74347659702504135e-20,-19.5616987401612626
6.2,640,80,20,-0.825334031591606038,2.04161948263531616e-20,-19.6900251985816594
6.2,640,80,20,-0.822437081594629689,1.22297271366516943e-20,-19.9125832326095414
6.2,640,80,20,-0.819506707938999902,3.64972966989341444e-21,-20.4377393019055538
6.2,640,80,20,-0.816542756881770585,4.58088815618135341e-21,-20.3390503115302322
6.2,640,80,20,-0.813545077251268541,1.1804362392969533e-20,-19.9279574661619912
6.2,640,80,20,-0.810513520492597192,1.74915123314043614e-20,-19.7571726394184489
6.2,640,80,20,-0.807447940712994739,2.12727196279720801e-20,-19.6721769838200118
6.2,640,80,20,-0.804348194727037195,2.29552077507386097e-20,-19.6391187723995458
6.2,640,80,20,-0.801214142101676712,2.25263564243175441e-20,-19.6473090485238197
6.2,640,80,20,-0.798045645201105643,2.01437130739977925e-20,-19.6958604732601871
6.2,640,80,20,-0.794842569231436739,1.61131916471014951e-20,-19.7928184274617991
6.2,640,80,20,-0.791604782285189924,1.085763653831481e-20,-19.9642647005368736
6.2,640,80,20,-0.788332155385576057,4.87844368552028145e-21,-20.3117187039381382
6.2,640,80,20,-0.785024562530568111,1.28674856714977647e-21,-20.8905063066832266
6.2,640,80,20,-0.781681880736750211,7.10716865640247018e-21,-20.1483033784261758
6.2,640,80,20,-0.778303990082934959,1.20997737730120899e-20,-19.9172227495224733
6.2,640,80,20,-0.774890773753539506,1.58650874061181056e-20,-19.7995575308821816
6.2,640,80,20,-0.771442118081710832,1.81156692506702964e-20,-19.7419456171080947
6.2,640,80,20,-0.767957912592190703,1.86954408292151412e-20,-19.7282642899407091
6.2,640,80,20,-0.764438050043910819,1.75887515558636661e-20,-19.7547649855363559
6.2,640,80,20,-0.760882426472308631,1.49187842538416303e-20,-19.8262665664987839
6.2,640,80,20,-0.75729094123135439,1.09356225363319196e-20,-19.9611564886759069
6.2,640,80,20,-0.753663497035279963,5.99499163010187344e-21,-20.2222114189042665
6.2,640,80,20,-0.75,5.29298528687040355e-22,-21.2762993132333451
6.2,640,80,20,-0.746300359684216047,4.98689902857611682e-21,-20.3021694249992339
6.2,640,80,20,-0.742564489130194252,1.00745015539103236e-20,-19.9967764318112975
6.2,640,80,20,-0.738792304904207317,1.42878588960529346e-20,-19.8450328474370645
6.2,640,80,20,-0.734983727136631382,1.7250417763073268e-20,-19.7632003829095174
6.2,640,80,20,-0.731138679561688591,1.86854453203019504e-20,-19.7284965473810979
6.2,640,80,20,-0.727257089556826088,1.84395610159907677e-20,-19.7342494222521391
6.2,640,80,20,-0.723338888181722254,1.64972711300239654e-20,-19.7825878879791533
6.2,640,80,20,-0.719384010216911023,1.29852865624848657e-20,-19.8865484618119089
6.2,640,80,20,-0.715392394202015181,8.16608046170197475e-21,-20.0879863452186772
6.2,640,80,20,-0.711363982473579553,2.42086901952785666e-21,-20.6160287073096553
6.2,640,80,20,-0.707298721202495081,3.77706708801347305e-21,-20.4228453011943716
6.2,640,80,20,-0.703196560431004797,9.89710636670951324e-21,-20.0044917622370886
6.2,640,80,20,-0.699057454109282794,1.53918256563635098e-20,-19.8127098645440548
6.2,640,80,20,-0.694881360131577293,1.97406320071826157e-20,-19.704638947267288
6.2,640,80,20,-0.690668240371909018,2.24934289376603031e-20,-19.6479443349070468
6.2,640,80,20,-0.6864180607193161,2.33111084082653619e-20,-19.6324370759367885
6.2,640,80,20,-0.682130791112636819,2.19997130085824125e-20,-19.6575829846142474
6.2,640,80,20,-0.67780640557482154,1.85353768256842954e-20,-19.7319985803033263
6.2,640,80,20,-0.673444882246765259,1.30776236905314206e-20,-19.8834711636453002
6.2,640,80,20,-0.669046203420652252,5.96926115971104177e-21,-20.2240794199791157
6.2,640,80,20,-0.664610355572804375,2.27807123791066964e-21,-20.6424326991560563
6.2,640,80,20,-0.660137329396024636,1.10127004771289626e-20,-19.9581061725350949
6.2,640,80,20,-0.65562711983142772,1.9485055475731275e-20,-19.7102983533935041
6.2,640,80,20,-0.651079726099749245,2.69011065866909126e-20,-19.5702298547704929
6.2,640,80,20,-0.64649515173212557,3.24841037707549483e-20,-19.488329110822114
6.2,640,80,20,-0.641873404600336065,3.5540751593120649e-20,-19.4492733922512146
6.2,640,80,20,-0.637214496946499842,3.55272827700341275e-20,-19.4494380073462192
6.2,640,80,20,-0.632518445412219007,3.21104549060963355e-20,-19.4933535417767555
6.2,640,80,20,-0.627785271067160579,2.52183480628933233e-20,-19.5982833654499726
6.2,640,80,20,-0.623014999437069313,1.50760225213384547e-20,-19.8217132224504964
6.2,640,80,20,-0.618207660531203739,2.22162973687373879e-21,-20.6533283201169356
6.2,640,80,20,-0.613363288869187824,1.25005400878357072e-20,-19.9030712228239694
6.2,640,80,20,-0.608481923507270739,2.79723588606011405e-20,-19.553270908782323
6.2,640,80,20,-0.603563608063987319,4.28602599892524263e-20,-19.3679451988668634
6.2,640,80,20,-0.598608390745211894,5.56987081945014943e-20,-19.2541548771872313
6.2,640,80,20,-0.593616324368598238,6.49957721784289346e-20,-19.1871148922693769
6.2,640,80,20,-0.588587466387398515,6.9355833944909888e-20,-19.1589170018795403
6.2,640,80,20,-0.583521878913654174,6.76125298394736187e-20,-19.1699728138824231
6.2,640,80,20,-0.57841962874075185,5.89632713455631064e-20,-19.2294184293567053
6.2,640,80,20,-0.573280787365337421,4.3095277317510391e-20,-19.3655703202644263
6.2,640,80,20,-0.568105431008581497,2.0292103163064104e-20,-19.6926729384384305
6.2,640,80,20,-0.562893640636789676,8.49069104562444378e-21,-20.0710569616891402
6.2,640,80,20,-0.557645501981351067,4.159171543930619e-20,-19.3809931669045849
6.2,640,80,20,-0.552361105558018625,7.66615615839205986e-20,-19.1154223384814526
6.2,640,80,20,-0.547040546685514992,1.10739982996708777e-19,-18.9556955475067305
6.2,640,80,20,-0.541683925503457643,1.40397227818017933e-19,-18.8526414673858692
6.2,640,80,20,-0.536291346989597223,1.6194049915541439e-19,-18.7906445264152307
6.2,640,80,20,-0.530862920976363103,1.71681942934229943e-19,-18.7652753804151695
6.2,640,80,20,-0.525398762166710285,1.66259369887955613e-19,-18.7792138697784433
6.2,640,80,20,-0.519898990149261889,1.42995323148814073e-19,-18.8446781664781394
6.2,640,80,20,-0.514363729412741607,1.00274386221180848e-19,-18.9988099876516766
6.2,640,80,20,-0.508793109359690574,3.79131302982251332e-20,-19.4212103565621711
6.2,640,80,20,-0.503187264319463293,4.25077775240619998e-20,-19.3715316010848198
6.2,640,80,20,-0.497546333560497306,1.3738360054169198e-19,-18.8620651058450277
6.2,640,80,20,-0.491870461301851472,2.40934273727448289e-19,-18.6181014157262666
6.2,640,80,20,-0.486159796724007817,3.45198712380628876e-19,-18.4619308329076699
6.2,640,80,20,-0.480414493978932051,4.40209332152718248e-19,-18.3563407549233568
6.2,640,80,20,-0.474634712199387973,5.14376311424893744e-19,-18.2887190401894751
6.2,640,80,20,-0.468820615507501106,5.55102760031057982e-19,-18.2556266133035593
6.2,640,80,20,-0.462972373022567054,5.49640099182720746e-19,-18.259921590689198
6.2,640,80,20,-0.457090158868100172,4.86177517594889168e-19,-18.313205128195758
6.2,640,80,20,-0.451174152178118298,3.5514044944974235e-19,-18.4495998600206376
6.2,640,80,20,-0.445224537102659423,1.50650952287907695e-19,-18.8220281187395364
6.2,640,80,20,-0.439241502812526288,1.27921752540774626e-19,-18.8930555993433257
6.2,640,80,20,-0.433225243503255063,4.74418572992872571e-19,-18.3238383171344678
6.2,640,80,20,-0.427175958398304381,8.74480332624686971e-19,-18.0582499535136308
6.2,640,80,20,-0.421093851751461133,1.30442018410659477e-18,-17.88458248970486
6.2,640,80,20,-0.414979132848459585,1.73055111044017531e-18,-17.7618155696409615
6.2,640,80,20,-0.408832016007810494,2.1091578332700155e-18,-17.6758909197610208
6.2,640,80,20,-0.402652720580837067,2.3873111815008445e-18,-17.6220909678384925
6.2,640,80,20,-0.396441470950914719,2.50472063086443401e-18,-17.6012407070183117
6.2,640,80,20,-0.390198496531911756,2.39680413106658374e-18,-17.6203674554417943
6.2,640,80,20,-0.383924031765828223,1.99912019256254032e-18,-17.699161094127269
6.2,640,80,20,-0.377618316119630328,1.25325222033313715e-18,-17.9019615172933445
6.2,640,80,20,-0.371281594081277977,1.14156149142579463e-19,-18.9425006898087551
6.2,640,80,20,-0.364914115154943111,1.44112315890838718e-18,-17.841298902635889
6.2,640,80,20,-0.358516133855416671,3.40359560459916852e-18,-17.468062045862463
6.2,640,80,20,-0.352087909701702187,5.72172259721658224e-18,-17.2424732016545768
6.2,640,80,20,-0.345629707209794095,8.29065350540003045e-18,-17.0814112351188321
6.2,640,80,20,-0.339141795884639083,1.09421097144827859e-17,-16.9608989349473654
6.2,640,80,20,-0.33262445021127887,1.34359687827447439e-17,-16.8717310138730533
6.2,640,80,20,-0.326077949645173,1.54548621130627591e-17,-16.8109348653210326
6.2,640,80,20,-0.319502578601700371,1.66033664240497956e-17,-16.7798038474320949
6.2,640,80,20,-0.312898626444838377,1.64136276750531086e-17,-16.7847954222898819
6.2,640,80,20,-0.306266387475018688,1.43594867485758464e-17,-16.842861082812722
6.2,640,80,20,-0.29960616091615883,9.88135432272814321e-18,-17.0051835276210207
6.2,640,80,20,-0.292918250901868917,2.42417675030894402e-18,-17.6154357182989126
6.2,640,80,20,-0.286202966460832995,8.509193155107003e-18,-17.0701116179291816
6.2,640,80,20,-0.27946062150136464,2.32871035804346451e-17,-16.6328845250874399
6.2,640,80,20,-0.272691534795136598,4.20589948848311025e-17,-16.3761411101848228
6.2,640,80,20,-0.265896029960084405,6.46450939275517609e-17,-16.1894644291910315
6.2,640,80,20,-0.259074435442484077,9.04060144268577249e-17,-16.0438026763221029
6.2,640,80,20,-0.25222708449820413,1.1809390928771228e-16,-15.9277725006163632
6.2,640,80,20,-0.245354315173132314,1.45688927189378041e-16,-15.8365734547042158
6.2,640,80,20,-0.238456470282777644,1.702275135345048e-16,-15.7689702444246599
6.2,640,80,20,-0.231533897391048414,1.87632698808608254e-16,-15.7266914747273552
6.2,640,80,20,-0.224586948788207081,1.92561085626149492e-16,-15.7154314742488289
6.2,640,80,20,-0.217615981468003029,1.78286946729938372e-16,-15.7488804525098945
6.2,640,80,20,-0.210621357103984406,1.36650865568995832e-16,-15.8643876130701273
6.2,640,80,20,-0.203603442024990344,5.81088931959974885e-17,-16.2357573965186966
6.2,640,80,20,-0.19656260718982508,6.80715162048212587e-17,-16.1670345759408127
6.2,640,80,20,-0.189499228161115594,2.53410250467558659e-16,-15.5961758218461837
6.2,640,80,20,-0.182413685078354589,5.09534893208203592e-16,-15.2928260699325449
6.2,640,80,20,-0.175306362630130745,8.47132546827189288e-16,-15.072048632346984
6.2,640,80,20,-0.168177650025548377,1.27442307971717078e-15,-14.894686372091538
6.2,640,80,20,-0.161027940964838751,1.79502068733446861e-15,-14.7459305418804069
6.2,640,80,20,-0.153857633609165485,2.40502409251845545e-15,-14.6188805686891465
6.2,640,80,20,-0.146667130549626599,3.08914529106260096e-15,-14.5101616651453376
6.2,640,80,20,-0.139456838775455965,3.81565210263433643e-15,-14.4184312295638237
6.2,640,80,20,-0.132227169641427024,4.52986052992205531e-15,-14.3439151692935026
6.2,640,80,20,-0.12497853883446181,5.14586866450727015e-15,-14.2885413022701815
6.2,640,80,20,-0.117711366339448484,5.53617420221946255e-15,-14.2567902527506578
6.2,640,80,20,-0.110426076404270722,5.5187621342206006e-15,-14.2581583241847198
6.2,640,80,20,-0.103123097504052438,4.84118745174071721e-15,-14.3150481010648519
6.2,640,80,20,-0.0958028623046215253,3.16110933358801781e-15,-14.5001604829162557
6.2,640,80,20,-0.0884658076251963939,2.26578744910731722e-17,-16.6447808332234655
6.2,640,80,20,-0.0811123744002992728,5.17206843101136039e-15,-14.2863357376559092
6.2,640,80,20,-0.073743007640900383,1.31971668828829297e-14,-13.8795192914601061
6.2,640,80,20,-0.0663581563947972379,2.50436476853200094e-14,-13.6013024145098915
6.2,640,80,20,-0.0589582737062334818,4.19677024882520552e-14,-13.3770848054843834
6.2,640,80,20,-0.0515438165747618237,6.55476389166068358e-14,-13.1834429473599647
6.2,640,80,20,-0.0441152459133557746,9.7750720685472006e-14,-13.0098800320029919
6.2,640,80,20,-0.0366730265057750439,1.41011287135710948e-13,-12.8507461231987722
6.2,640,80,20,-0.0292176269631895995,1.98321669589263706e-13,-12.7026298300767006
6.2,640,80,20,-0.0217495196800675412,2.73337574884501603e-13,-12.5633006630628678
6.2,640,80,20,-0.0142691807893320868,3.70499768803989722e-13,-12.4312120586891951
6.2,640,80,20,-0.00677709011679311031,4.95174063762156816e-13,-12.3052421108780103
6.2,640,80,20,7.262688651411763e-4,6.53811795900612393e-13,-12.1845472482580484
6.2,640,80,20,0.00824040908446666962,8.54133166367440251e-13,-12.0684744139597445
6.2,640,80,20,0.015764839917294073,1.1053360196500902e-12,-11.9565056773669454
6.2,640,80,20,0.0232990672362618305,1.41833283789088578e-12,-11.8482218420038445
6.2,640,80,20,0.0308425934596451388,1.80601894351832094e-12,-11.7432776986391646
6.2,640,80,20,0.0383949176011547377,2.28357512252470653e-12,-11.6413846968832099
6.2,640,80,20,0.0459555353204190426,2.86880810642266294e-12,-11.5422985005894578
6.2,640,80,20,0.053523938974143043,3.58253258128717126e-12,-11.4458098512282066
6.2,640,80,20,0.0610996176679372521,4.44899862615480231e-12,-11.3517377283615263
6.2,640,80,20,0.0686820573088098603,5.49636871907144757e-12,-11.2599241407070936
6.2,640,80,20,0.0762707406583151055,6.75724868576011099e-12,-11.1702300975222774
6.2,640,80,20,0.0838651473863507434,8.26927720156535462e-12,-11.0825324494668311
6.2,640,80,20,0.0914647541255973648,1.00757786902016678e-11,-10.9967213801457134
6.2,640,80,20,0.0990690345265921773,1.22264846909060114e-11,-10.9126983915976464
6.2,640,80,20,0.106677459313429737,1.47783289867231373e-11,-10.8303746696538169
6.2,640,80,20,0.114289496340081988,1.77963219985274675e-11,-10.7496697449267729
6.2,640,80,20,0.121904610647329838,2.13545101495407155e-11,-10.6705103863908175
6.2,640,80,20,0.129522264520298367,2.553702609092052e-11,-10.5928296798018012
6.2,640,80,20,0.137141917546587664,3.0439235847706472e-11,-10.5165662543748552
6.2,640,80,20,0.144763026674991115,3.61689890931129145e-11,-10.4416636294031048
6.2,640,80,20,0.152385046274792897,4.28479788848225324e-11,-10.3680696586852461
6.2,640,80,20,0.16000742819563628,5.06132172964160191e-11,-10.2957360553078884
6.2,640,80,20,0.167629621827954218,5.96186334471254051e-11,-10.224617982902087
6.2,640,80,20,0.175251074163953609,7.00368004703919578e-11,-10.1546737022486784
6.2,640,80,20,0.18287122985914447,8.20607979628475405e-11,-10.0858642642497239
6.2,640,80,20,0.190489531294405172,9.59062164168782982e-11,-10.0181532419633339
6.2,640,80,20,0.198105418638574748,1.11813310058404436e-10,-9.95150649572637672
6.2,640,80,20,0.205718329911563202,1.3004930438345202e-10,-9.88589196644570369
6.2,640,80,20,0.213327701047970601,1.50910864509059449e-10,-9.82127949298462528
6.2,640,80,20,0.220932965961205651,1.74726730222662121e-10,-9.75764065025357057
6.2,640,80,20,0.228533556608094343,2.01860523326024604e-10,-9.69494860516724114
6.2,640,80,20,0.236128903053969141,2.32713732521842648e-10,-9.63317798808203783
6.2,640,80,20,0.243718433538229084,2.6772888068026335e-10,-9.57230477769787084
6.2,640,80,20,0.251301574540361077,3.07392878845892547e-10,-9.51230619771381537
6.2,640,80,20,0.258877750846412542,3.52240570800706236e-10,-9.45316062378008832
6.2,640,80,20,0.26644638561590549,4.02858471382234304e-10,-9.39484749949945087
6.2,640,80,20,0.274006900449181995,4.59888701067297401e-10,-9.33734726040727155
6.2,640,80,20,0.281558715455170946,5.24033118567624155e-10,-9.28064126500739333
6.2,640,80,20,0.289101249319565855,5.9605765234338061e-10,-9.22471173206566442
6.2,640,80,20,0.296633919373403417,6.76796831022918152e-10,-9.169541683468563
6.2,640,80,20,0.30415614166203242,7.67158511721223682e-10,-9.11511489204404265
6.2,640,80,20,0.311667331014462518,8.68128804175426133e-10,-9.06141583381820738
6.2,640,80,20,0.31916690111308229,9.80777187463555668e-10,-9.00842964424686324
6.2,640,80,20,0.326654264563735931,1.10626181484336635e-9,-8.95614207801716597
6.2,640,80,20,0.334128832966147828,1.2458350009427711e-9,-8.90453947206295531
6.2,640,80,20,0.341590016984684195,1.40084888415422994e-9,-8.85360871147914615
6.2,640,80,20,0.34903722641944088,1.57276125563481388e-9,-8.8033371980567388
6.2,640,80,20,0.356469870277646345,1.76314154479479984e-9,-8.75371282119144924
6.2,640,80,20,0.363887356845368776,1.97367694957434685e-9,-8.70472393094634492
6.2,640,80,20,0.371289093759516207,2.20617869816453273e-9,-8.65635931307278664
6.2,640,80,20,0.378674488080118427,2.46258842713094434e-9,-8.60860816581491409
6.2,640,80,20,0.386042946362879445,2.74498465915094579e-9,-8.56146007834128786
6.2,640,80,20,0.393393874731989148,3.05558936178622343e-9,-8.51490501066346472
6.2,640,80,20,0.400726678953182763,3.39677456688743471e-9,-8.46893327491553393
6.2,640,80,20,0.408040764507036669,3.77106902837566801e-9,-8.42353551788123468
6.2,640,80,20,0.415335536662489025,4.18116489427452357e-9,-8.37870270466642441
6.2,640,80,20,0.422610400550573643,4.629924366986181e-9,-8.3344261034245607
6.2,640,80,20,0.429864761238355462,5.12038632392469642e-9,-8.29069727105165429
6.2,640,80,20,0.437098023803055935,5.6557728687504519e-9,-8.24750803977498451
6.2,640,80,20,0.444309593406356584,6.23949578160222563e-9,-8.20485050456685962
6.2,640,80,20,0.451498875368868932,6.8751628349093673e-9,-8.16271701132095379
6.2,640,80,20,0.458665275244758964,7.56658393959815682e-9,-8.12110014573434952
6.2,640,80,20,0.465808198896514238,8.31777708479615512e-9,-8.07999272284343536
6.2,640,80,20,0.472927052569841706,9.13297403249917833e-9,-8.03938777716631961
6.2,640,80,20,0.48002124296868428,1.00166257271107378e-8,-7.99927855340848141
6.2,640,80,20,0.48709017733034413,1.09734073783069549e-8,-7.95965849769203992
6.2,640,80,20,0.49413326350070066,1.20082231743348538e-8,-7.92052124927232623
6.2,640,80,20,0.501149910009511085,1.3126210581632456e-8,-7.88186063270842922
6.2,640,80,20,0.508139526145781498,1.43327441855791955e-8,-7.84367065045709094
6.2,640,80,20,0.515101522033196263,1.5633439026258758e-8,-7.80594547586177809
6.2,640,80,20,0.522035308705593583,1.70341533823573068e-8,-7.76867944651098213
6.2,640,80,20,0.528940298182475028,1.85409909557417746e-8,-7.73186705794182327
6.2,640,80,20,0.535815903544536807,2.01603024088787377e-8,-7.69550295766687509
6.2,640,80,20,0.542661539009210536,2.18986862070772098e-8,-7.65958193950380444
6.2,640,80,20,0.549476620006201241,2.37629887175808664e-8,-7.62409893818895223
6.2,640,80,20,0.556260563253010322,2.57603035178084821e-8,-7.58904902425737978
6.2,640,80,20,0.563012786830431172,2.7897969865556803e-8,-7.55442739917318377
6.2,640,80,20,0.569732710258005154,3.01835702847479249e-8,-7.52022939069505484
6.2,640,80,20,0.576419754569425624,3.26249272213328623e-8,-7.48645044846312753
6.2,640,80,20,0.583073342387877661,3.52300987252627224e-8,-7.45308613979415491
6.2,640,80,20,0.589692898001301195,3.8007373116015987e-8,-7.42013214567294555
6.2,640,80,20,0.596277847437565192,4.09652625910309224e-8,-7.38758425692883256
6.2,640,80,20,0.602827618539540558,4.41124957385408608e-8,-7.35543837058671008
6.2,640,80,20,0.609341641040059453,4.74580089187504336e-8,-7.32369048638287804
6.2,640,80,20,0.615819346636748667,5.10109364800247628e-8,-7.29233670343658635
6.2,640,80,20,0.62226016906672475,5.47805997797915767e-8,-7.26137321706877044
6.2,640,80,20,0.628663544181138589,5.87764949831770509e-8,-7.23079631576002442
6.2,640,80,20,0.63502891001955712,6.30082796160071096e-8,-7.20060237824037145
6.2,640,80,20,0.641355706884169907,6.74857578527024383e-8,-7.17078787070386541
6.2,640,80,20,0.647643377413808297,7.22188645237713111e-8,-7.14134934414149778
6.2,640,80,20,0.653891366657764915,7.7217647832051488e-8,-7.11228343178629149
6.2,640,80,20,0.660099122149401264,8.2492250771561042e-8,-7.08358684666484147
6.2,640,80,20,0.666266093979531212,8.80528912477763534e-8,-7.05525637924991319
6.2,640,80,20,0.672391734869568192,9.3909840903350153e-8,-7.02728889520903661
6.2,640,80,20,0.67847550024442395,1.00073402658698068e-7,-6.99968133324433678
6.2,640,80,20,0.684516848305146719,1.06553886982501477e-7,-6.97243070301912473
6.2,640,80,20,0.690515240101286724,1.133615869129787e-7,-6.94553408316703542
6.2,640,80,20,0.696470139602976943,1.20506751856744909e-7,-6.91898861937974499
6.2,640,80,20,0.702381013772717122,1.27999560198191399e-7,-6.89279152256952809
6.2,640,80,20,0.70824733263684903,1.35850090758542881e-7,-6.86694006710312986
6.2,640,80,20,0.714068569356711035,1.44068293150071837e-7,-6.8414315891036264
6.2,640,80,20,0.719844200299460074,1.5266395707733465e-7,-6.81626348481713415
6.2,640,80,20,0.725573705108549178,1.61646680643716913e-7,-6.79143320904140289
6.2,640,80,20,0.731256566773848736,1.71025837728005318e-7,-6.76693827361349023
6.2,640,80,20,0.73689227170139973,1.80810544502110269e-7,-6.74277624595386832
6.2,640,80,20,0.742480309782787253,1.91009625167414989e-7,-6.7189447476644568
6.2,640,80,20,0.748020174464122637,2.0163157699349099e-7,-6.69544145317821003
6.2,640,80,20,0.753511362814622606,2.12684534749062959e-7,-6.67226408845801292
6.2,640,80,20,0.758953375594773914,2.24176234621094751e-7,-6.64941042974275766
6.2,640,80,20,0.764345717324071991,2.36113977723668004e-7,-6.62687830233858497
6.2,640,80,20,0.769687896348322183,2.48504593303901701e-7,-6.60466557945337765
6.2,640,80,20,0.774979424906492239,2.61354401757480383e-7,-6.5827701810726927
6.2,640,80,20,0.780219819197104766,2.74669177571386648e-7,-6.56119007287541018
6.2,640,80,20,0.785408599444158439,2.88454112316136192e-7,-6.53992326518746455
6.2,640,80,20,0.790545289962566824,3.02713777814157975e-7,-6.51896781197210556
6.2,640,80,20,0.795629419223103758,3.1745208961491555e-7,-6.49832180985521329
6.2,640,80,20,0.800660519916844292,3.32672270910897023e-7,-6.47798339718426472
6.2,640,80,20,0.805638129019090279,3.48376817031680102e-7,-6.4579507531196177
6.2,640,80,20,0.810561787852769795,3.64567460655876591e-7,-6.43822209675684316
6.2,640,80,20,0.815431042151299626,3.81245137882850158e-7,-6.41879568627889759
6.2,640,80,20,0.820245442120900162,3.98409955307656809e-7,-6.39966981813698553
6.2,640,80,20,0.825004542502352137,4.16061158243655752e-7,-6.38084282625901675
6.2,640,80,20,0.829707902632184698,4.34197100237657867e-7,-6.3623130812846141
6.2,640,80,20,0.834355086503284427,4.52815214022300661e-7,-6.34407898982567745
6.2,640,80,20,0.838945662824915004,4.71911984049545989e-7,-6.32613899375155488
6.2,640,80,20,0.843479205082137289,4.91482920747775798e-7,-6.30849156949791665
6.2,640,80,20,0.847955291594619728,5.11522536642900668e-7,-6.2911352273984688
6.2,640,80,20,0.852373505574829048,5.32024324481187691e-7,-6.27406851103868253
6.2,640,80,20,0.856733435185591328,5.5298073748815285e-7,-6.25728999663075324
6.2,640,80,20,0.861034673597013646,5.74383171893846617e-7,-6.24079829240903816
6.2,640,80,20,0.865276819042756564,5.96221951850190812e-7,-6.22459203804525546
6.2,640,80,20,0.86945947487564788,6.18486316860704386e-7,-6.2086699040827596
6.2,640,80,20,0.873582249622628118,6.41164411836993183e-7,-6.19303059138923793
6.2,640,80,20,0.877644757039018392,6.64243279889785153e-7,-6.17767283062720271
6.2,640,80,20,0.881646616162101352,6.87708857955082077e-7,-6.16259538174167994
6.2,640,80,20,0.885587451364006067,7.11545975348189628e-7,-6.14779703346452255
6.2,640,80,20,0.889466892403887774,7.35738355330000544e-7,-6.1332766028348005
6.2,640,80,20,0.893284574479393584,7.60268619760965283e-7,-6.11903293473474386
6.2,640,80,20,0.897040138277405316,7.85118296908718554e-7,-6.10506490144073759
6.2,640,80,20,0.900733230024050774,8.10267832465369361e-7,-6.09137140218888831
6.2,640,80,20,0.904363501533974897,8.35696603820040654e-7,-6.07795136275470354
6.2,640,80,20,0.907930610258862326,8.61382937621399312e-7,-6.06480373504644401
6.2,640,80,20,0.911434219335203072,8.87304130653687632e-7,-6.05192749671172767
6.2,640,80,20,0.914873997631293094,9.13436474038196261e-7,-6.0393216507569823
6.2,640,80,20,0.918249619793461696,9.39755280760250466e-7,-6.02698522517936053
6.2,640,80,20,0.921560766291517841,9.66234916509663916e-7,-6.01491727261074724
6.2,640,80,20,0.924807123463407538,9.92848833810296219e-7,-6.00311686997350503
6.2,640,80,20,0.927988383559074651,1.01956960940188332e-6,-5.99158311814761817
6.2,640,80,20,0.931104244783517589,1.04636898482474647e-6,-5.9803151416489099
6.2,640,80,20,0.934154411339034453,1.07321791014538014e-6,-5.96931208831802132
6.2,640,80,20,0.937138593466649403,1.10008659074832685e-6,-5.95857312901985342
6.2,640,80,20,0.940056507486713085,1.12694453710722465e-6,-5.94809745735318615
6.2,640,80,20,0.942907875838670157,1.15376061743551654e-6,-5.93788428937020052
6.2,640,80,20,0.945692427119987045,1.18050311310509829e-6,-5.92793286330564125
6.2,640,80,20,0.948409896124233238,1.20713977670920948e-6,-5.91824243931536851
6.2,640,80,20,0.951060023878309552,1.23363789263419754e-6,-5.90881229922405786
6.2,640,80,20,0.953642557678816954,1.25996433999346432e-6,-5.8996417462818179
6.2,640,80,20,0.956157251127559673,1.28608565776599273e-6,-5.89073010492950464
6.2,640,80,20,0.958603864166176469,1.31196811197140342e-6,-5.88207672057252147
6.2,640,80,20,0.96098216310989411,1.3375777647035594e-6,-5.87368095936290216
6.2,640,80,20,0.963291920680397199,1.36288054483537189e-6,-5.86554220798948363
6.2,640,80,20,0.96553291603780871,1.3878423201987125e-6,-5.85765987347598318
6.2,640,80,20,0.967704934811775695,1.41242897103525135e-6,-5.85003338298680344
6.2,640,80,20,0.969807769131654804,1.4366064645066618e-6,-5.84266218364039576
6.2,640,80,20,0.971841217655792397,1.46034093004600251e-6,-5.83554574233002057
6.2,640,80,20,0.973805085599894199,1.48359873532624296e-6,-5.82868354555175059
6.2,640,80,20,0.975699184764479593,1.50634656261687557e-6,-5.82207509923956972
6.2,640,80,20,0.977523333561415801,1.52855148529538682e-6,-5.81571992860742733
6.2,640,80,20,0.979277357039527386,1.55018104427706906e-6,-5.80961757799811437
6.2,640,80,20,0.980961086909276622,1.57120332412426733e-6,-5.80376761073883423
6.2,640,80,20,0.982574361566510485,1.59158702859469184e-6,-5.79816960900334716
6.2,640,80,20,0.98411702611527015,1.61130155538790129e-6,-5.79282317368057372
6.2,640,80,20,0.985588932389659053,1.63031706984948697e-6,-5.78772792424954793
6.2,640,80,20,0.98698993897476573,1.64860457739386854e-6,-5.78288349866061717
6.2,640,80,20,0.988319911226637817,1.66613599440895225e-6,-5.77828955322279093
6.2,640,80,20,0.989578721291303756,1.68288421740919866e-6,-5.77394576249714634
6.2,640,80,20,0.990766248122838913,1.6988231902078933e-6,-5.76985181919620334
6.2,640,80,20,0.991882377500472977,1.71392796888459759e-6,-5.76600743408918792
6.2,640,80,20,0.992927002044735691,1.72817478432986493e-6,-5.7624123359131065
6.2,640,80,20,0.993900021232638106,1.74154110215631568e-6,-5.75906627128955989
6.2,640,80,20,0.994801341411886739,1.75400567977305182e-6,-5.75596900464722967
6.2,640,80,20,0.995630875814128164,1.76554862042912723e-6,-5.75312031814997494
6.2,640,80,20,0.996388544567221761,1.77615142404134087e-6,-5.75052001163048186
6.2,640,80,20,0.997074274706538474,1.78579703463194908e-6,-5.74816790252941303
6.2,640,80,20,0.997688000185283636,1.7944698842129602e-6,-5.74606382584000825
6.2,640,80,20,0.998229661883842069,1.80215593296543453e-6,-5.74420763405809261
6.2,640,80,20,0.998699207618143844,1.80884270557461666e-6,-5.74259919713745231
6.2,640,80,20,0.999096592147049242,1.81451932359472569e-6,-5.74123840245054289
6.2,640,80,20,0.999421777178751647,1.81917653373076592e-6,-5.74012515475449871
6.2,640,80,20,0.999674731376197254,1.82280673193874052e-6,-5.73925937616241703
6.2,640,80,20,0.999855430361520663,1.82540398326009366e-6,-5.73864100611989384
6.2,640,80,20,0.999963856719495573,1.82696403732101134e-6,-5.73827000138679309
6.2,640,80,20,1.0,1.827484339442314e-6,-5.73814633602423501
